frame,center_x,center_y,center_z
14,-0.5389100952310227,-11.286910838146998,-1.3178491000446104
16,0.05610655012930571,-6.618207010357911,-1.4835977312583497
17,0.25391082395447995,-5.440714864400078,-1.44585285170491
18,0.5650783280108882,-2.6124035507733887,-1.1874025757006768
19,0.35763036151101163,-0.764228967206968,-0.7070905979035728
20,-0.06044081236453355,0.9521513085741597,-0.17791474367671306
21,-0.2195520471252815,1.5943008282155662,0.05154855245734001
22,-0.24314910753023622,2.815783135672333,1.0309114691975676
23,-0.29619264566902076,2.979823523822779,1.2836755581522146
24,-0.27534659863031324,3.0769357855080983,1.2961670589628722
25,-0.09602719586398048,2.3781342899383966,0.9505787654526242
26,0.23595995151725582,2.2319896983962733,0.819800726093088
27,0.2871007200713131,2.4833716081188397,0.6995947976776493
