source_file,trajectory_id,N,shape,size,length,color,angle,distractor,primitive_sequence,side_1_quality,side_2_quality,depth_quality,config_difference_count,accepted,rejection_reason
single_object_manipulation_dataset/1_L_L_4_vertical_n_0.npy,0,142,1,L,L,4,vertical,n,grasp>move_up>go_to_board>insert,GOOD: yellow peg clear through grasp and insertion,"GOOD_EARLY, PARTIAL_LATE: peg near top edge during insertion","GOOD: median object-interior valid fraction 0.933 side_1, 0.981 side_2",2,True,
single_object_manipulation_dataset/1_M_L_3_horizontal_n_0.npy,0,302,1,M,L,3,horizontal,n,grasp>move_up>place_on_fixture>regrasp>go_to_board>insert,red-mask visible 16/16 sampled; median interior area 254 px,red-mask visible 16/16 sampled; median interior area 494 px,"sampled red-mask median valid fraction: side_1=0.988, side_2=0.994",1,False,Only one configuration field differs; lower preference
single_object_manipulation_dataset/1_M_L_3_horizontal_n_4.npy,4,241,1,M,L,3,horizontal,n,grasp>move_up>place_on_fixture>regrasp>go_to_board>insert,red-mask visible 15/16 sampled; median interior area 300 px,red-mask visible 16/16 sampled; median interior area 370 px,"sampled red-mask median valid fraction: side_1=0.936, side_2=0.984",1,False,Only one configuration field differs; lower preference
single_object_manipulation_dataset/1_M_L_3_horizontal_n_8.npy,8,257,1,M,L,3,horizontal,n,grasp>move_up>place_on_fixture>regrasp>go_to_board>insert,red-mask visible 14/16 sampled; median interior area 396 px,red-mask visible 15/16 sampled; median interior area 560 px,"sampled red-mask median valid fraction: side_1=0.984, side_2=0.937",1,False,Only one configuration field differs; lower preference
single_object_manipulation_dataset/1_M_L_3_vertical_n_2.npy,2,148,1,M,L,3,vertical,n,grasp>move_up>go_to_board>insert,red-mask visible 16/16 sampled; median interior area 745 px,red-mask visible 14/16 sampled; median interior area 989 px,"sampled red-mask median valid fraction: side_1=0.922, side_2=0.949",0,False,Same source demonstration and trajectory_id as episode_5201
single_object_manipulation_dataset/1_M_L_3_vertical_n_3.npy,3,165,1,M,L,3,vertical,n,grasp>move_up>go_to_board>insert,red-mask visible 16/16 sampled; median interior area 567 px,red-mask visible 16/16 sampled; median interior area 1603 px,"sampled red-mask median valid fraction: side_1=0.963, side_2=0.927",0,False,Same object configuration as episode_5201; lower preference
single_object_manipulation_dataset/1_M_L_3_vertical_n_4.npy,4,190,1,M,L,3,vertical,n,grasp>move_up>go_to_board>insert,red-mask visible 16/16 sampled; median interior area 651 px,red-mask visible 16/16 sampled; median interior area 523 px,"sampled red-mask median valid fraction: side_1=0.948, side_2=0.973",0,False,Same object configuration as episode_5201; lower preference
single_object_manipulation_dataset/1_M_L_3_vertical_n_5.npy,5,172,1,M,L,3,vertical,n,grasp>move_up>go_to_board>insert,red-mask visible 16/16 sampled; median interior area 578 px,red-mask visible 14/16 sampled; median interior area 1262 px,"sampled red-mask median valid fraction: side_1=0.956, side_2=0.943",0,False,Same object configuration as episode_5201; lower preference
single_object_manipulation_dataset/1_M_L_3_vertical_n_6.npy,6,160,1,M,L,3,vertical,n,grasp>move_up>go_to_board>insert,red-mask visible 15/16 sampled; median interior area 566 px,red-mask visible 16/16 sampled; median interior area 1554 px,"sampled red-mask median valid fraction: side_1=0.952, side_2=0.921",0,False,Same object configuration as episode_5201; lower preference
single_object_manipulation_dataset/2_M_L_7_vertical_n_0.npy,0,175,2,M,L,7,vertical,n,grasp>move_up>go_to_board>insert,FAIR: dark-blue round peg merges with blue board late,"FAIR_EARLY, POOR_LATE: peg small near board and gripper","PRESENT, object-ROI validity not yet quantified",2,False,Weaker point visibility and contrast than selected yellow rectangular peg
