episode,variant,ADE_2D_px,FDE_2D_px,delta_ADE_vs_nominal_px,delta_FDE_vs_nominal_px,ADE_vs_stationary_px,ADE_vs_velocity_px,FDE_vs_stationary_px,FDE_vs_velocity_px,alternative_GT_ADE_2D_px,alternative_GT_FDE_2D_px,mean_prediction_change_vs_nominal_px,counterfactual_ADE_not_goal_success,median_H3_endpoint_motion_px,coverage
first,text_paraphrase,122.36858113446628,160.36786957679823,-1.7736221068980598,-65.03241108416194,81.29630522763365,49.97239534865325,86.30472789294163,16.752153814304478,110.2564499452837,150.9082634251473,23.04956657365023,False,20.666528701782227,160
first,text_generic,181.40913492564326,182.93831264168358,57.266931684278916,-42.46196801927658,140.33685901881063,109.01294913983023,108.87517095782698,39.32259687918983,168.61856877857844,174.66321533161158,82.44767116140515,False,20.666528701782227,160
first,text_counterfactual,91.55479850289643,72.20835489338907,-32.58740473846791,-153.1919257675711,50.4825225960638,19.1586127170834,-1.8547867904675286,-71.40736086910468,81.53680259597961,68.39912077518972,73.86886691826768,True,20.666528701782227,160
first,no_history,41.139302921942445,74.12690032713132,-83.0029003194219,-151.27338033382884,0.06702701510981512,-31.256882863870587,0.06375864327472414,-69.48881543536243,27.47379238990759,64.77010745025606,87.2651841074086,False,20.666528701782227,160
first,scale_090,59.40349342795751,19.545089061813147,-64.73870981340684,-205.85519159914702,18.331217521124877,-12.992692357855525,-54.518052622043456,-124.0706267006806,61.52652355367701,26.50822293946658,138.96507013691718,False,20.666528701782227,160
first,scale_110,51.05474500550022,22.692534699212956,-73.08745823586412,-202.7077459617472,9.982469098667593,-21.34144078031281,-51.37060698464364,-120.9231810632808,49.92469269791683,17.45820498277448,119.59694422769412,False,20.666528701782227,160
first,perm_keep_anchor,58.882593014011135,17.640179251618314,-65.2596102273532,-207.76010140934184,17.810317107178506,-13.513592771801896,-56.422962432238286,-125.97553651087543,59.506963127054064,23.796967337378227,125.91523286680601,False,20.666528701782227,160
first,perm_new_anchor,140.78198413728484,230.13503594278495,16.639780895920495,4.734755281824789,99.70970823045221,68.3857983514718,156.07189425892835,86.5193201802912,127.10689521386139,220.64155305489504,36.76815367247724,False,20.666528701782227,160
first,focal_090,121.62806617455712,195.50289437799154,-2.5141370668072227,-29.897386282968625,80.55579026772449,49.23188038874409,121.43975269413494,51.88717861549779,109.18683285119437,185.97833112820172,15.063571661624675,False,20.666528701782227,160
first,focal_110,67.48455738386727,14.064779174183512,-56.65764585749707,-211.33550148677665,26.41228147703464,-4.911628401945762,-59.998362509673086,-129.55093658831024,70.69825099654625,16.770727701319167,149.17785056973702,False,20.666528701782227,160
first,moge2_raw,46.88991965303116,79.70964047947118,-77.25228358833319,-145.690640181489,5.817643746198527,-25.506266132781874,5.646498795614576,-63.906075283022574,33.51499099679684,70.21011847868543,80.90454975837577,False,20.666528701782227,160
first,moge2_scaled,49.105843290987785,83.26228269485539,-75.03635995037655,-142.13799796610476,8.033567384155155,-23.290342494825246,9.199141010998787,-60.35343306763836,35.49970412682493,73.77684774460839,78.78254029999339,False,20.666528701782227,160
first,moge2_focal_090,53.44270549494475,89.03179846789908,-70.6994977464196,-136.36848219306108,12.370429588112117,-18.953480290868285,14.96865678404248,-54.58391729459467,39.82675707466984,79.52890612233765,74.68556233947575,False,20.666528701782227,160
second,text_paraphrase,29.333037777330503,47.29794469541451,1.0733084678454574,1.1366962086918946,1.3052525811643143,4.482221360893963,1.3524668459939164,7.420605521167978,29.382238123837432,49.8478680146294,1.2827969058154651,False,2.0603182315826416,160
second,text_generic,28.259729309485046,46.16124848672261,0.0,0.0,0.2319441133188569,3.4089128930485053,0.21577063730202184,6.283909312476084,28.30008413941507,48.70022087896743,0.0,False,2.0603182315826416,160
second,text_counterfactual,28.259729309485046,46.16124848672261,0.0,0.0,0.2319441133188569,3.4089128930485053,0.21577063730202184,6.283909312476084,28.30008413941507,48.70022087896743,0.0,True,2.0603182315826416,160
second,no_history,28.07850407882364,46.00035305045219,-0.18122523066140417,-0.16089543627042246,0.050718882657452724,3.227687662387101,0.054875201031599374,6.123013876205661,28.135895094668484,48.552676454048424,0.6857228023103767,False,2.0603182315826416,160
second,scale_090,28.49959838952784,46.41274600750441,0.23986908004279428,0.2514975207817969,0.4718131933616512,3.6487819730912996,0.4672681580838187,6.5354068332578805,28.529769916508553,48.94219513127127,0.5178112621043321,False,2.0603182315826416,160
second,scale_110,28.01611549196439,45.919223808981215,-0.24361381752065725,-0.2420246777413979,-0.011669704201800357,3.165299075527848,-0.02625404043937607,6.041884634734686,28.055639840167157,48.452751391469974,0.5637906231936796,False,2.0603182315826416,160
second,perm_keep_anchor,28.179109947476398,46.080497476206475,-0.0806193620086475,-0.08075101051613842,0.1513247513102094,3.328293531039858,0.13501962678588342,6.203158301959945,28.22271357010775,48.6216270900239,0.08821280954818818,False,2.0603182315826416,160
second,perm_new_anchor,27.928289829977167,45.864618578954826,-0.33143947950787833,-0.2966299077677874,-0.09949536618902144,3.077473413540627,-0.08085927046576558,5.987279404708296,28.01178834830379,48.43100125866796,1.2758112394728793,False,2.0603182315826416,160
second,focal_090,28.178353992397774,46.08710745792596,-0.08137531708727153,-0.07414102879665307,0.15056879623158537,3.327537575961234,0.14162960850536876,6.209768283679431,28.225345546579454,48.62975845523065,0.39580861723016175,False,2.0603182315826416,160
second,focal_110,28.254596420804017,46.15718300705125,-0.005132888681028902,-0.004065479671361061,0.226811224637828,3.4037800043674764,0.21170515763066078,6.279843832804723,28.285807842490193,48.689082910629374,0.3766289878681094,False,2.0603182315826416,160
second,moge2_raw,22.79295554386008,40.65984611959357,-5.466773765624964,-5.501402367129046,-5.234829652306107,-2.057860872576459,-5.285631729827024,0.7825069453470377,22.889975896740697,43.01937690079619,8.175683222916627,False,2.0603182315826416,160
second,moge2_scaled,32.35925674778923,50.74702450702583,4.099527438304186,4.585776020303214,4.331471551623043,7.508440331352691,4.801546657605236,10.869685332779298,32.334008657569264,53.21443965816938,4.927183339539677,False,2.0603182315826416,160
second,moge2_focal_090,28.934552514826656,47.4070682425498,0.6748232053416103,1.2458197558271848,0.9067673186604672,4.083736098390116,1.4615903931292067,7.5297290683032685,28.961833366317943,49.926542667574836,1.0781526716919287,False,2.0603182315826416,160
