frame,keypoints,keypoints_in_masked_regions,connected_images_ge15,connected_images_ge30,sum_verified_inliers
0,31,0,19,0,353
1,32,0,19,0,335
2,30,0,26,0,499
3,33,0,26,0,520
4,30,0,27,0,524
5,39,0,19,0,404
6,35,0,22,0,439
7,30,0,21,0,403
8,39,0,24,0,499
9,38,0,24,0,471
10,33,0,25,0,485
11,34,0,16,0,300
12,46,0,27,1,593
13,37,0,25,0,513
14,42,0,26,1,533
15,46,0,30,1,654
16,55,0,29,4,664
17,43,0,25,0,532
18,41,0,29,1,573
19,39,0,30,0,596
20,30,0,28,0,546
21,39,0,25,0,503
22,39,0,21,0,382
23,39,0,26,0,497
24,46,0,32,1,635
25,42,0,28,1,547
26,40,0,22,0,444
27,39,0,19,0,398
28,44,0,16,1,335
29,40,0,10,0,206
30,50,0,19,3,399
31,57,0,25,2,497
32,50,0,20,2,406
33,35,0,10,0,182
34,42,0,15,0,272
35,49,0,11,0,217
36,49,0,12,0,233
37,41,0,7,0,148
38,44,0,10,1,209
39,50,0,18,2,365
40,51,0,17,1,330
41,61,0,14,1,282
42,65,0,14,2,328
43,67,0,15,3,363
44,76,0,17,6,454
45,69,0,18,5,445
46,77,0,23,6,563
47,71,0,19,4,470
48,74,0,20,7,542
49,74,0,20,8,539
50,73,0,29,7,713
51,68,0,22,6,540
52,65,0,22,5,563
53,81,0,32,8,762
54,67,0,28,7,629
55,66,0,31,7,746
56,61,0,27,7,648
57,64,0,38,8,882
58,60,0,28,8,687
59,63,0,31,8,713
60,60,0,26,10,657
61,64,0,31,6,744
62,58,0,35,8,846
63,59,0,36,10,845
64,51,0,36,6,857
65,55,0,36,3,798
66,68,0,39,11,976
67,63,0,38,8,920
68,57,0,36,6,823
69,54,0,35,7,820
70,68,0,40,9,1018
71,54,0,36,7,864
72,46,0,37,9,895
73,58,0,41,8,1006
74,61,0,43,12,1106
75,56,0,37,13,1018
76,52,0,36,12,924
77,57,0,35,15,951
78,57,0,36,13,960
79,51,0,36,5,857
80,49,0,32,7,760
81,60,0,34,17,963
82,52,0,30,12,783
83,49,0,31,7,771
84,55,0,32,9,796
85,51,0,34,8,815
86,52,0,35,11,896
87,51,0,31,3,655
88,61,0,38,6,923
89,55,0,37,4,845
90,49,0,30,3,703
91,46,0,29,2,633
92,40,0,23,0,429
93,39,0,24,0,458
94,47,0,25,1,505
95,40,0,12,0,221
96,50,0,16,1,313
97,53,0,10,1,208
98,47,0,11,1,212
99,46,0,6,0,103
100,32,0,3,0,52
101,32,0,2,0,37
102,22,0,0,0,0
103,19,0,0,0,0
104,23,0,0,0,0
105,24,0,0,0,0
106,19,0,0,0,0
107,18,0,0,0,0
108,21,0,0,0,0
109,21,0,0,0,0
110,16,0,0,0,0
111,13,0,0,0,0
112,11,0,0,0,0
113,12,0,0,0,0
114,8,0,0,0,0
115,5,0,0,0,0
116,0,0,0,0,0
117,2,0,0,0,0
118,1,0,0,0,0
119,1,0,0,0,0
120,4,0,0,0,0
121,1,0,0,0,0
122,3,0,0,0,0
123,3,0,0,0,0
124,3,0,0,0,0
125,6,0,0,0,0
126,3,0,0,0,0
127,5,0,0,0,0
128,3,0,0,0,0
129,8,0,0,0,0
130,6,0,0,0,0
131,6,0,0,0,0
132,14,0,0,0,0
133,7,0,0,0,0
134,9,0,0,0,0
135,11,0,0,0,0
136,9,0,0,0,0
137,10,0,0,0,0
138,9,0,0,0,0
139,10,0,0,0,0
140,9,0,0,0,0
141,9,0,0,0,0
142,11,0,0,0,0
143,19,0,0,0,0
144,18,0,0,0,0
145,23,0,0,0,0
146,29,0,2,0,39
147,42,0,4,0,81
148,39,0,5,0,101
149,44,0,5,0,92
150,48,0,10,0,177
151,50,0,7,0,122
152,60,0,19,2,382
153,53,0,22,3,494
154,59,0,27,6,668
155,70,0,37,16,964
156,65,0,41,14,1048
157,68,0,41,13,969
158,57,0,48,11,1085
159,61,0,62,12,1430
160,65,0,47,11,1114
161,61,0,59,13,1377
162,62,0,74,16,1715
163,58,0,68,17,1647
164,59,0,79,16,1932
165,57,0,78,18,1880
166,67,0,86,23,2183
167,64,0,77,22,2030
168,68,0,78,17,1990
169,61,0,84,18,2241
170,60,0,82,15,2029
171,62,0,84,21,2269
172,69,0,87,36,2422
173,69,0,87,46,2594
174,55,0,83,35,2298
175,64,0,83,41,2470
176,63,0,83,38,2393
177,75,0,84,42,2550
178,72,0,81,44,2485
179,68,0,80,36,2445
180,67,0,71,28,2085
181,67,0,79,37,2394
182,68,0,75,35,2262
183,73,0,80,47,2563
184,66,0,82,36,2448
185,82,0,84,50,2859
186,75,0,83,38,2599
187,75,0,78,33,2344
188,84,0,81,47,2715
189,78,0,80,37,2533
190,81,0,82,52,2762
191,84,0,79,50,2714
192,79,0,80,45,2601
193,81,0,80,55,2777
194,96,0,85,59,3316
195,92,0,78,53,2911
196,89,0,79,53,2895
197,88,0,81,56,2979
198,96,0,82,62,3241
199,93,0,79,58,3130
200,93,0,79,53,2904
201,103,0,81,57,3187
202,100,0,82,43,2912
203,102,0,84,43,3023
204,99,0,74,33,2486
205,97,0,77,47,2847
206,98,0,74,40,2697
207,110,0,84,55,3247
208,110,0,80,50,3056
209,110,0,83,45,3097
210,114,0,84,53,3448
211,134,0,86,65,3715
212,125,0,85,66,3659
213,117,0,81,54,3412
214,114,0,83,49,3155
215,134,0,81,55,3437
216,125,0,78,52,3314
217,131,0,87,56,3619
218,130,0,84,68,3756
219,129,0,86,64,3661
220,118,0,84,63,3491
221,132,0,83,62,3648
222,129,0,87,62,3676
223,109,0,80,47,3029
228,112,0,73,38,2607
225,123,0,83,50,3364
226,129,0,85,47,3226
227,119,0,82,40,3061
224,122,0,86,50,3381
229,113,0,82,40,3052
230,115,0,81,40,3120
231,129,0,74,43,3044
232,110,0,74,37,2826
233,128,0,82,49,3369
234,107,0,75,36,2662
235,113,0,72,37,2735
236,114,0,70,33,2561
237,117,0,69,31,2437
238,125,0,61,32,2293
239,111,0,52,24,1901
240,116,0,75,31,2465
241,110,0,55,24,1905
242,116,0,66,25,2165
