forecast_step,time_s_assumed,real_RGB_frame,delta_forecast_m,delta_projected_px
1,0.06666666666666667,100,0.039216961711645126,38.78892777663101
2,0.13333333333333333,102,0.03928143158555031,144.09361470976043
3,0.2,104,0.03940456733107567,264.6271216484863
4,0.26666666666666666,106,0.039328206330537796,384.64645639663115
5,0.3333333333333333,108,0.039328206330537796,499.5779508268248
6,0.4,110,0.03927795588970184,612.5179717756889
7,0.4666666666666667,112,0.0393364243209362,724.4395078936102
8,0.5333333333333333,114,0.03940456733107567,851.7176522595894
9,0.6,116,0.03948589041829109,980.2668594107221
10,0.6666666666666666,118,0.03948589041829109,1131.0257866492814
11,0.7333333333333333,120,0.03940456733107567,1297.0837607779806
12,0.8,122,0.03940456733107567,1474.6118118729137
13,0.8666666666666667,124,0.03940456733107567,1659.7827346969946
14,0.9333333333333333,126,0.03940456733107567,1854.1549688485734
15,1.0,128,0.03940456733107567,2061.8650965877646
16,1.0666666666666667,130,0.03940456733107567,2293.314603168436
17,1.1333333333333333,132,0.03940456733107567,2550.5515101125957
18,1.2,134,0.03940456733107567,2799.5934441309287
19,1.2666666666666666,136,0.03940456733107567,3056.7618066937443
20,1.3333333333333333,138,0.03940456733107567,3308.1005376557982
21,1.4,140,0.03940456733107567,3554.752409737665
22,1.4666666666666666,142,0.03940456733107567,3779.337891352265
23,1.5333333333333334,144,0.03940456733107567,4021.921830767072
24,1.6,146,0.03940456733107567,4209.653604928469
25,1.6666666666666667,148,0.03940456733107567,4406.30000623992
26,1.7333333333333334,150,0.03940456733107567,4563.820423834512
27,1.8,152,0.03940456733107567,4689.761929879893
28,1.8666666666666667,154,0.03940456733107567,4820.628844358499
29,1.9333333333333333,156,0.03940456733107567,4881.6158634800995
30,2.0,158,0.03940456733107567,5028.8470773361605
