episode,geometry,history_file,prediction_file,median_XYZ_disagreement_with_sensor_mm,median_abs_Z_disagreement_with_sensor_mm,median_adjacent_pair_distance_change_mm,p90_adjacent_pair_distance_change_mm,ADE_2D_px,FDE_2D_px,valid_pairs
first,sensor,history_sensor_3d.npy,prediction_15hz.npy,0.0,0.0,2.9440109751816816,8.66096262633222,124.14220324136434,225.40028066096016,160
first,planar PnP,history_pnp_3d.npy,variants/pnp/prediction_15hz.npy,16.953827879606052,14.167837798595428,4.689838590393736e-06,1.0854196635240454e-05,41.752425399708784,71.99419879539327,160
first,CAD silhouette + TCP,history_cad_silhouette_tcp_3d.npy,variants/cad_silhouette/prediction_15hz.npy,5.652138517354041,4.226699471473694,3.4020755136643377e-06,6.3533825544331846e-06,98.34168002912524,135.1197402059874,160
first,MoGe-2 raw,history_moge2_raw_3d.npy,ablation_suite_v1/moge2_raw/prediction_15hz.npy,29.480644740617137,24.690262973308563,2.290395522216765,9.31147612513348,46.88991965303116,79.70964047947118,160
first,MoGe-2 history scaled,history_moge2_history_scaled_3d.npy,ablation_suite_v1/moge2_scaled/prediction_15hz.npy,13.419319730847265,11.664897203445435,2.027638405761572,8.243249084790897,49.105843290987785,83.26228269485539,160
second,sensor,history_sensor_3d.npy,prediction_15hz.npy,0.0,0.0,1.7042253638386997,3.4304424895011025,28.259729309485046,46.16124848672261,160
second,planar PnP,history_pnp_3d.npy,variants/pnp/prediction_15hz.npy,4.915726761743436,4.483722150325775,3.212925746634565e-06,7.563098515517286e-06,29.183623804571862,47.15915053001999,160
second,CAD silhouette + TCP,history_cad_silhouette_tcp_3d.npy,variants/cad_silhouette/prediction_15hz.npy,8.828067002427108,7.387660443782806,2.366502877340637e-06,1.2571012519141389e-05,36.643590930428864,46.27558745086408,160
second,MoGe-2 raw,history_moge2_raw_3d.npy,ablation_suite_v1/moge2_raw/prediction_15hz.npy,156.58026587412326,139.1712725162506,3.654746105657712,7.356742979505341,22.79295554386008,40.65984611959357,160
second,MoGe-2 history scaled,history_moge2_history_scaled_3d.npy,ablation_suite_v1/moge2_scaled/prediction_15hz.npy,10.538323001486635,9.484954178333282,2.0900148526139892,4.207061713416813,32.35925674778923,50.74702450702583,160
