episode,variant,ADE_2D_px,FDE_2D_px,dense_flow_ADE_2D_px,dense_flow_FDE_2D_px,mean_forecast_change_px,outside_image_pairs,valid_pairs
first,text_paraphrase,122.36858113446628,160.36786957679823,110.2564499452837,150.9082634251473,23.04956657365023,102,160
first,text_generic,181.40913492564326,182.93831264168358,168.61856877857844,174.66321533161158,82.44767116140515,136,160
first,text_counterfactual,91.55479850289643,72.20835489338907,81.53680259597961,68.39912077518972,73.86886691826768,64,160
first,no_history,41.139302921942445,74.12690032713132,27.47379238990759,64.77010745025606,87.2651841074086,0,160
first,scale_090,59.40349342795751,19.545089061813147,61.52652355367701,26.50822293946658,138.96507013691718,2,160
first,scale_110,51.05474500550022,22.692534699212956,49.92469269791683,17.45820498277448,119.59694422769412,6,160
first,perm_keep_anchor,58.882593014011135,17.640179251618314,59.506963127054064,23.796967337378227,125.91523286680601,13,160
first,perm_new_anchor,140.78198413728484,230.13503594278495,127.10689521386139,220.64155305489504,36.76815367247724,117,160
first,focal_090,121.62806617455712,195.50289437799154,109.18683285119437,185.97833112820172,15.063571661624675,110,160
first,focal_110,67.48455738386727,14.064779174183512,70.69825099654625,16.770727701319167,149.17785056973702,0,160
first,moge2_raw,46.88991965303116,79.70964047947118,33.51499099679684,70.21011847868543,80.90454975837577,0,160
first,moge2_scaled,49.105843290987785,83.26228269485539,35.49970412682493,73.77684774460839,78.78254029999339,0,160
first,moge2_focal_090,53.44270549494475,89.03179846789908,39.82675707466984,79.52890612233765,74.68556233947575,0,160
second,text_paraphrase,29.333037777330503,47.29794469541451,29.382238123837432,49.8478680146294,1.2827969058154651,0,160
second,text_generic,28.259729309485046,46.16124848672261,28.30008413941507,48.70022087896743,0.0,0,160
second,text_counterfactual,28.259729309485046,46.16124848672261,28.30008413941507,48.70022087896743,0.0,0,160
second,no_history,28.07850407882364,46.00035305045219,28.135895094668484,48.552676454048424,0.6857228023103767,0,160
second,scale_090,28.49959838952784,46.41274600750441,28.529769916508553,48.94219513127127,0.5178112621043321,0,160
second,scale_110,28.01611549196439,45.919223808981215,28.055639840167157,48.452751391469974,0.5637906231936796,0,160
second,perm_keep_anchor,28.179109947476398,46.080497476206475,28.22271357010775,48.6216270900239,0.08821280954818818,0,160
second,perm_new_anchor,27.928289829977167,45.864618578954826,28.01178834830379,48.43100125866796,1.2758112394728793,0,160
second,focal_090,28.178353992397774,46.08710745792596,28.225345546579454,48.62975845523065,0.39580861723016175,0,160
second,focal_110,28.254596420804017,46.15718300705125,28.285807842490193,48.689082910629374,0.3766289878681094,0,160
second,moge2_raw,22.79295554386008,40.65984611959357,22.889975896740697,43.01937690079619,8.175683222916627,0,160
second,moge2_scaled,32.35925674778923,50.74702450702583,32.334008657569264,53.21443965816938,4.927183339539677,0,160
second,moge2_focal_090,28.934552514826656,47.4070682425498,28.961833366317943,49.926542667574836,1.0781526716919287,0,160
