trial,success,fx_px,fy_px,cx_px,cy_px,cost,resampled_hole_ids
0,True,174.467175335593,221.50805876702628,127.54362904919654,96.78551268083169,65.08918244769723,"7,11,17,11,11,9,7,11,18,11"
1,True,172.74634094678544,219.55869303351042,127.65707010609135,97.3205431183242,77.78132763743238,"13,9,13,7,13,11,14,18,7,14"
2,True,173.89530433175966,221.1319638839158,127.36785179205336,97.90384125879078,63.288780360312934,"6,17,6,15,6,13,18,11,11,11"
3,True,173.18798312381682,220.12226846602763,128.35296180288938,96.13974995812006,77.38576166596818,"18,18,10,15,18,14,17,18,10,13"
4,True,172.67806897213134,219.98635069074598,127.68570736787014,98.8587290467798,69.49555122551294,"11,18,15,17,15,9,10,7,11,17"
5,True,173.07062198893917,219.9891613492491,127.22057952550112,95.36650366257187,64.63553366899195,"7,9,10,9,13,17,13,10,15,10"
6,True,172.39507828745744,219.60077722315177,127.77866459152918,97.51980022276909,73.7589456577852,"10,17,7,7,10,18,10,6,17,13"
7,True,173.53262501966074,220.35701641475092,127.55498517977225,96.18850595345475,74.05951073139994,"7,13,9,11,18,14,13,7,10,9"
8,True,171.38334803313504,218.7515073057936,127.73004937988505,101.10267458137712,78.37250583125783,"9,18,7,6,7,7,11,14,17,15"
9,True,172.57076703456997,219.58001756902777,127.56298725868245,96.06781410134224,74.60245062563145,"10,17,13,15,14,10,10,13,6,18"
10,True,170.2491014123786,217.88533833631834,128.10918688288535,100.65958964671348,84.7946213608706,"14,10,18,7,17,17,17,14,6,7"
11,True,171.74945425933592,219.15646151348162,127.67248475413255,99.60498534782889,75.08633805946958,"7,9,18,15,6,7,10,17,17,10"
12,True,172.31338225372264,219.5128181031206,127.65437772615968,96.02435726930626,72.22036384775808,"15,10,10,15,14,10,9,17,18,10"
13,True,171.18969850738588,218.51148361149825,127.29177763433275,99.02703124273137,73.70302931194477,"15,17,10,13,6,7,14,10,9,15"
14,True,171.39763691575465,218.80719413471184,127.28943936156853,99.96355545035635,73.33536849897754,"11,9,14,7,7,15,7,11,9,17"
15,True,171.61562534766807,219.10739418810527,127.3799098324497,97.7851109921506,72.81363624153124,"7,9,6,17,10,10,17,14,7,6"
16,True,171.68494985496554,218.73735140117455,127.59380792085018,98.53619607418196,69.06329812938381,"13,13,7,14,6,17,17,13,15,13"
17,True,174.42266244920978,221.35440594993722,127.64285938404085,95.27368914373106,72.0303465020244,"13,18,9,13,18,11,17,9,6,14"
18,True,170.74244187802896,218.2420679037162,127.85529781114923,99.55502402673564,85.24889805262501,"14,9,6,14,18,7,17,13,14,17"
19,True,173.61368697714568,220.155556420819,128.31151010210655,95.47206292217905,62.880492464442575,"18,15,9,13,18,17,15,18,17,15"
20,True,172.87685478602177,220.2082341693799,127.80484108865296,98.04293879785752,77.83599435723266,"9,18,10,15,15,14,13,11,18,14"
21,True,170.57108095013288,217.96582568258694,128.06358840801983,100.66463897834784,79.96350309692099,"10,17,14,17,18,7,13,7,17,15"
22,True,171.0016218409571,218.410419159475,127.97948880113383,100.80999388784483,84.81475023115169,"15,9,14,14,6,6,17,18,18,7"
23,True,172.48409826013304,219.98085777288972,127.07481849973615,95.91301540765133,68.79150588186909,"9,17,13,11,17,14,11,14,9,10"
24,True,174.27453082331874,221.34210515054215,127.7428793090177,97.37348232211454,64.83698485562456,"11,15,11,9,15,18,13,17,6,18"
25,True,175.08744692274954,221.91240930004608,127.32648074992947,94.7295940717792,65.04036104734264,"7,10,13,6,11,11,11,10,11,18"
26,True,172.26344801385983,219.1915182645884,127.65380754022814,97.56384535755565,77.36196338764015,"18,6,7,7,14,13,10,7,6,10"
27,True,171.60491458571263,219.04659764561427,127.60554580539423,98.45840346884188,78.12525319671154,"9,13,14,17,17,18,9,15,14,6"
28,True,172.3831721496652,219.4752028281048,127.55135117526498,97.58070926021247,72.99585485885012,"14,15,15,17,13,10,9,6,13,18"
29,True,172.76437052392234,219.81691996332168,127.9280407120151,96.01987214994448,65.70204748943578,"17,13,10,6,17,13,17,18,17,6"
30,True,173.08878217764016,220.34869150996497,127.44523383798004,97.58519136973574,71.31382105051843,"11,9,15,6,10,10,7,18,17,9"
31,True,175.60623145003063,222.1748247277075,127.80474883155296,93.00666866670635,72.9183660516169,"9,18,9,10,13,9,14,18,13,18"
32,True,174.2245043277949,220.93757881307894,127.7071997780088,95.86228560326272,68.4386773377291,"9,13,6,14,13,13,18,13,15,18"
33,True,174.39094147438965,221.3767124445811,127.82760947353168,94.37207701229586,67.39141193768384,"17,9,17,11,10,18,13,18,9,17"
34,True,170.81661850031904,218.21919596199345,127.32854745632561,100.96094696290183,76.24627238238551,"7,7,11,10,15,11,15,10,14,7"
35,True,171.79682009850163,218.90438575753154,126.96276455117219,97.41219179888594,72.37441768537049,"14,14,6,9,13,11,13,15,10,15"
36,True,171.10101447586925,218.6317272983269,127.6695558797968,100.20047377973336,78.2175652991087,"17,18,11,15,6,14,15,13,14,17"
37,True,174.22380047760902,221.23666948829157,127.66611909210461,96.51004792781035,70.2028363295637,"6,18,9,6,17,7,18,13,10,11"
38,True,173.07656758376336,220.2791925286052,127.8575826450647,99.82240788824237,70.90863357117541,"18,15,11,18,7,9,6,10,15,15"
39,True,172.22749118429158,219.61207558111792,127.15038106522505,99.3632616490041,66.31346382094222,"7,10,6,13,15,15,6,9,17,11"
40,True,172.6437958534999,219.89353749057636,127.40560076381777,97.48226714513548,65.04500109303581,"13,7,6,13,9,17,6,7,10,17"
41,True,172.68099846569228,219.7621778719151,128.03596175218468,97.97953457172937,81.2255321268822,"13,10,18,18,6,14,18,13,14,15"
42,True,172.57576664560747,219.78489679497477,127.53930531290413,98.55688330724674,76.40429703991794,"11,14,11,11,9,15,13,7,18,14"
43,True,173.78107597356916,220.58930746019047,127.08004968905168,94.61500935472594,62.6835186918518,"9,7,13,6,10,10,9,11,7,13"
44,True,173.19809483358318,220.26407035357997,127.54675314423476,97.54380024467957,71.15577545777877,"7,6,14,13,18,6,13,17,11,11"
45,True,170.9153814059288,218.4934631729577,127.73688782501605,100.90923995879174,74.73793048099914,"14,7,7,7,13,17,11,7,17,17"
46,True,171.0356231303163,218.34416692995993,127.72565559275878,100.68659375465411,77.62760894244093,"17,18,10,6,13,7,14,6,15,15"
47,True,170.19223764703105,217.74373264943546,127.3823929044121,101.38227954667134,79.41981252322194,"10,14,11,14,17,7,15,15,11,7"
48,True,173.41902937942396,220.51326426379345,127.47800759267548,97.47379360834074,71.7485024902112,"10,9,7,11,9,18,15,10,9,7"
49,True,173.81618381867156,220.670497384459,127.55830943410587,95.72933654942776,70.88117458320475,"18,7,9,11,13,14,13,13,9,17"
50,True,172.8448493957449,219.94946146323562,127.7579938019006,97.4870138025256,76.7528337288477,"14,10,13,9,15,18,10,15,18,6"
51,True,174.04509990247075,220.8660665556708,127.43935325030617,94.99345049692253,72.3143879666455,"7,11,13,10,14,10,13,9,18,11"
52,True,175.16343862226475,221.83744749367324,127.44724911850089,94.32941141503824,64.08589938994048,"18,18,10,6,13,6,6,13,9,6"
53,True,174.34109567661812,220.72455079463643,126.86595377315844,91.6259893445998,61.43314204674803,"13,9,13,9,10,11,9,13,14,6"
54,True,172.23049689247108,219.40085914883372,127.87443123635671,99.62818729843022,78.50518443008622,"18,15,9,7,13,15,18,10,14,6"
55,True,170.3766731692393,217.84785370372197,127.2823542651099,100.2566031320504,79.04963601270704,"11,14,17,6,7,15,14,10,6,7"
56,True,172.87798824858282,219.8571572302317,127.96242493833454,95.75218836174253,76.66481971927153,"14,10,13,13,6,17,18,18,17,10"
57,True,172.48534043436297,219.62828821307647,127.20568324502133,96.47155785868053,64.96794193966818,"15,10,9,9,14,9,15,15,11,17"
58,True,171.1149179237025,218.5315563776688,127.0898742014522,99.34815023485834,74.32662918744646,"14,15,10,10,6,7,11,10,6,15"
59,True,173.29283963416566,220.39706305216768,126.75768311795282,95.77589864327523,62.615156706517965,"11,11,11,11,11,14,6,11,10,15"
60,True,174.62328662805848,221.29267521055957,126.75841596828181,91.83352429406375,58.89554699645438,"9,9,10,11,11,11,14,9,11,13"
61,True,173.00540727604013,220.08611385334913,127.1706821393289,95.32634798079934,68.90411731370982,"11,10,17,13,13,10,7,11,14,10"
62,True,173.66632621425586,220.5939663845281,127.14444073584828,95.82285767458256,59.850895952880336,"11,15,13,13,15,10,10,11,17,15"
63,True,171.84470036842046,218.93386606605364,127.17060222042478,98.21119456586906,71.15737925568496,"15,7,9,9,15,10,13,6,14,13"
64,True,171.9031493078459,219.22972082589826,127.69169923142343,101.06710014354478,75.69877991184734,"15,14,11,15,7,7,11,18,6,9"
65,True,173.22337443527684,220.3608285611025,127.52760846639161,98.52689256229962,70.68677062102796,"10,11,11,13,7,6,15,7,10,18"
66,True,170.26338715606843,217.60941267637287,127.83123207576415,101.5469830102384,82.94140564976945,"14,17,7,6,7,15,14,18,6,6"
67,True,174.40262848989644,221.1841531503802,126.5863688840146,91.6786657955453,57.07849612872148,"6,6,9,6,9,11,10,9,6,10"
68,True,173.06597827755814,220.26764447046833,127.40210492619799,96.73850004735918,72.3749245386203,"15,9,6,10,14,18,13,17,11,9"
69,True,174.19085924273833,221.37672428158143,126.76839209732138,93.77805259242875,59.56458400688665,"10,10,9,11,17,9,6,6,11,6"
70,True,170.4824095172563,217.9753342802739,127.88336651191597,101.95297462624214,83.27869058148684,"14,14,9,15,7,18,15,11,7,17"
71,True,171.91900421545907,219.48984837711504,127.25413439487889,98.49027632627337,71.59523156046428,"11,7,7,17,6,14,6,17,11,10"
72,True,173.14998170538976,220.20805619817511,126.91157906015076,94.62078616492104,65.73935228830969,"13,14,6,11,10,6,6,9,9,17"
73,True,170.81533645496407,218.30852601165864,127.79730042865425,100.68902874944703,84.01939179960151,"11,14,14,10,7,9,7,17,15,18"
74,True,172.63578471133675,219.9676814693105,127.04193180710945,98.25556696591025,66.44345837537065,"11,15,10,11,10,7,15,10,6,11"
75,True,173.44875196400443,220.60791802082107,127.07527059929212,98.25609304160702,59.170508131340014,"13,13,15,15,11,15,6,6,11,9"
76,True,172.57504550596894,219.75550096734483,127.63338302345548,100.52986022749444,70.1095036334716,"7,10,15,7,7,11,13,18,7,6"
77,True,173.27667347427018,220.04669286756496,126.75432195482047,93.22113554943616,64.60976507351063,"14,6,6,9,10,6,10,11,13,6"
78,True,172.0006287891625,219.24916777140893,127.45984550033667,96.95986931831852,78.645855890207,"14,6,17,6,9,6,18,14,6,10"
79,True,176.24820958470715,222.8489173710178,127.7604232368506,94.10982235550637,67.17803954553168,"18,9,6,6,18,18,18,10,11,13"
80,True,172.90382607133213,220.11574416311277,127.16525381667917,99.61300607197118,60.63638015710101,"7,11,15,6,13,6,6,15,11,13"
81,True,171.9966067674744,218.878440274128,126.76944742890778,95.10522948547681,71.06663423943114,"7,6,9,11,6,14,9,11,14,7"
82,True,173.44707654553926,220.14758774413124,128.25890910730794,94.72468680485524,68.47063357380436,"13,17,17,18,18,10,15,17,18,9"
83,True,174.45389040623377,221.53836297333538,127.84634311261598,96.80027946538324,67.89324176483537,"17,11,18,17,7,18,11,9,13,11"
84,True,173.90892937717965,220.78570682564012,127.28830252295658,96.0251739361395,69.66010777522165,"11,7,6,14,6,18,11,6,13,9"
85,True,173.4515681172619,220.6291810638133,127.53087790556327,97.32696731145246,71.42997263478807,"6,18,9,6,17,6,9,10,15,18"
86,True,171.0419160381415,218.539626108554,127.14813722689075,100.73642257283514,72.5157301720208,"7,6,6,9,17,15,15,6,14,11"
87,True,173.3363408332199,220.496029755579,128.1802058986354,99.13328059774398,75.94889327526283,"9,18,7,15,14,15,18,18,11,9"
88,True,173.26411633316602,220.32538522504547,127.77980368089018,97.65302809888583,79.77470024743039,"10,18,11,14,11,10,18,7,6,7"
89,True,173.54139168970158,220.3900541031462,127.62156757553699,97.78466508573764,64.71301804404433,"10,6,13,7,6,13,7,18,13,7"
90,True,174.55640253341437,221.61662263439337,127.38712862892835,96.27920079820751,64.07246601799312,"6,11,11,17,7,18,13,11,9,6"
91,True,171.9197675858746,219.32638201798503,127.17221574011141,100.91708337114362,65.81458930240782,"7,15,6,10,13,15,6,6,11,15"
92,True,171.7615261848535,219.10126305056036,127.45114691469921,100.41719480986967,76.04149982541949,"15,9,6,6,7,6,14,15,18,9"
93,True,173.5595102973186,220.6511919171165,127.74043665096144,98.92977550415327,64.3645481076608,"7,9,11,15,15,9,13,15,18,15"
94,True,173.81975625909044,220.68599284707048,128.24165685089656,95.52023145974466,78.28676838238952,"18,18,13,15,18,10,10,18,10,14"
95,True,171.67411506676467,218.93380930843895,127.47682039837314,98.87001390088216,80.49006408621986,"14,7,6,14,9,9,6,9,18,15"
96,True,174.49484376810935,221.2303351672153,127.54780004779353,94.49500883257046,66.52964294324734,"7,10,13,11,17,13,18,10,13,9"
97,True,171.02432338384082,218.55517115528076,127.11937091668476,99.1182619915499,75.78125898698826,"17,11,7,10,15,6,11,9,14,14"
98,True,170.72012158469423,218.28421837685255,127.77906326215415,99.09607281893102,87.32168415331583,"13,7,14,14,17,10,14,14,9,18"
99,True,173.01364893776392,220.10140099658864,126.98398524556107,96.04331793809956,66.36660880563406,"9,15,17,11,10,6,13,14,13,11"
