K_variant,fx_px,fy_px,cx_px,cy_px,board_train_rgb_rmse_px_mean,board_holdout_rgb_rmse_px_mean,board_depth_median_abs_Z_error_mm_mean,board_depth_signed_Z_bias_mm_mean,sensor_history_rigidity_124_to_126_RMS_mm,sensor_history_rigidity_125_to_126_RMS_mm,TCP_consistency
K_nominal,152.08360000000002,202.77813333333333,124.29079999999999,129.29733333333334,0.8780643953921494,0.8214256708228085,6.733790989416216,-6.5204256022102225,5.682691430396697,5.1955046472380815,heldout RGB tip RMSE 2.79 px after fitting camera extrinsic and per-episode TCP offsets
K_simple,152.08360000000002,202.77813333333333,124.5908,129.53066666666666,0.8677961962126064,0.8115418380855044,6.759303417223511,-6.608851156691786,5.679548456822697,5.190684286518337,heldout RGB tip RMSE 2.78 px after fitting camera extrinsic and per-episode TCP offsets
K_focal_0925,140.67733,187.56977333333333,124.29079999999999,129.29733333333334,1.1740671508405351,1.1095186776621553,29.6148556932732,-29.6148556932732,5.8719838258651125,5.336046120320565,heldout RGB tip RMSE 2.76 px after fitting camera extrinsic and per-episode TCP offsets
K_board_RGB_5_poses,172.22685611108565,219.50301992427973,127.57777348567012,98.73277325715597,0.6937852370628486,0.6593255919304487,38.143291325143494,38.143291325143494,5.6324723399612076,5.12134334766159,heldout RGB tip RMSE 2.91 px after fitting camera extrinsic and per-episode TCP offsets
K_peg_RGB_silhouette,145.70905918584327,203.35262006968372,125.54879599614496,116.16733904767347,1.641978808832342,1.599293029606235,12.35801333717887,-12.22994229378212,5.753059190357458,5.2613227611068565,not evaluated on RGB/TCP tip holdout
K_cross_orientation_RGB,147.24323661937188,203.04101367729314,127.19465512545929,119.75060093710012,1.346051038195676,1.3045188436934,10.936186305340689,-10.868511042356143,5.719859485314313,5.213982790901527,heldout RGB tip RMSE 2.72 px after fitting camera extrinsic and per-episode TCP offsets
K_board_peg_contact_RGB,155.60587282339978,208.22475089605527,127.6277271948835,123.9136918086113,0.8173517082077097,0.7749002681192279,4.1033864574290195,2.2023962663812235,5.627673625083157,5.129357375313226,heldout RGB tip RMSE 2.78 px after fitting camera extrinsic and per-episode TCP offsets
K_multi_horizontal_contact_RGB,160.01883238831186,211.40087569529635,127.02375489961771,120.16985243381285,0.7439868352359107,0.7029460051056773,11.1359280988715,10.853530349925256,5.611590695133854,5.117193626619913,heldout RGB tip RMSE 2.81 px after fitting camera extrinsic and per-episode TCP offsets
K_multi_episode_RGB_TCP_tip,137.61483962439652,180.5545258189731,176.51557726598097,130.64435379529277,5.682393044062407,5.314674032378079,20.99535936972113,-20.98061395150535,5.775422031147364,4.84205676924569,not independent: this K was fitted to RGB/TCP tip data
K_shared_RGB_TCP_tip,135.2146141758463,186.5235477187847,144.22805828067843,104.09163729407501,3.1774786237880006,3.046414106320967,28.366947809791185,-28.366947809791185,5.928004813930982,5.190036369181404,not independent: this K was fitted to RGB/TCP tip data
