run,model_id,registered,points3D,camera_model,f_px,fy_px,k,internal_reprojection_px,camera_span_over_scene_depth,max_rotation_deg,depth_median_relative_error,board_holdout_all_rmse_px,board_median_abs_Z_error_mm
episode2_wrist_1_causal,2,53,218,PINHOLE,541.1629450468882,1144.6752588646157,,0.9040360295892653,0.418445568112537,21.827775366133416,0.3857314809964755,,
episode2_wrist_1_causal,1,34,242,PINHOLE,147.27249575681086,137.79022051679894,,1.0073962600051054,0.5295597664583144,2.1343366738874714,0.2942176451890372,,
episode2_wrist_1_causal,0,32,386,PINHOLE,202.04848261087972,301.8806293012476,,0.7905859761610136,0.5862511529043181,10.614082240566766,0.05903870264713788,,
episode2_wrist_1_causal,5,17,41,PINHOLE,0.9500319892243905,12.62875235228137,,0.7968260358710711,6.5208254417453535,1.522366830851302,0.7520330592654889,,
episode2_wrist_1_causal,3,10,180,PINHOLE,3824.1164534062523,2646.6637413037847,,0.9547181691852595,0.5190492882029781,29.406620691299253,0.38202417996625904,,
episode2_wrist_1_causal,4,10,103,PINHOLE,697.036160159131,10610.51358092947,,0.4643082125525939,0.19770284083308343,11.268855077435111,0.31766474322888805,,
episode2_wrist_1_causal,6,5,20,PINHOLE,447.903006166386,189.93706023345968,,0.5130709473051803,0.11209671179566234,1.559514806531714,0.033382739471343535,,
episode3_wrist_1_causal,0,38,498,PINHOLE,142.2857987754564,223.03741739700223,,0.7809444647165332,0.8444618107610681,15.573189023187073,0.058191009715650714,,
episode3_wrist_1_causal,6,14,47,PINHOLE,617.4680314776388,5053.752890365486,,0.32505508301704883,0.03951786710972441,2.177841780770741,0.09929274877171415,,
episode3_wrist_1_causal,7,14,8,PINHOLE,17.114409151080963,1666.130034597613,,0.24061493723785057,0.1756886701322427,6.913977896355876,0.4293746047010001,,
episode3_wrist_1_causal,1,13,188,PINHOLE,3272.8572224673867,688.7452094754176,,0.8740611861135957,0.4092639401842561,23.552696391577836,0.3664582608403256,,
episode3_wrist_1_causal,2,13,115,PINHOLE,565.3834707783121,6820.987928513651,,0.5936932735826286,0.12783696438367798,7.023018987464425,0.2928744080819216,,
episode3_wrist_1_causal,4,13,89,PINHOLE,1.7973683773041431,4.555331127526738,,0.7566342003791833,10.692265910127974,2.168756413151161,0.20997398603329567,,
episode3_wrist_1_causal,10,11,2,PINHOLE,0.6891643410086185,932.0551905091005,,0.007413708068334054,6.9569705978684135,2.7404032759679677,0.0,,
episode3_wrist_1_causal,3,10,90,PINHOLE,22.298863408267692,1772.3308427999486,,0.6470909864136007,0.7150960302296143,0.8072934602447647,0.11880516484208536,,
episode3_wrist_1_causal,8,10,2,PINHOLE,4.594710410365866,15833.755692813376,,0.8012590513302712,0.6296503496890135,4.120834499135113,0.1567025122014815,,
episode3_wrist_1_causal,9,10,2,PINHOLE,0.6175189633874232,10.91591389003351,,0.0007876137464242547,3.6310969880649764,25.46656138052211,0.1712480671333104,,
episode3_wrist_1_causal,5,3,83,PINHOLE,9209.952137881544,434.66996602564706,,0.3565373918925809,0.08928436565756968,6.039223941270218,0.13598424445732335,,
