image_id_a,image_id_b,frame_a,frame_b,raw_matches,verified_inliers,geometry_config
1,2,0,3,162,167,6
1,3,0,1,179,179,6
1,4,0,2,167,167,6
1,5,0,7,145,144,6
1,6,0,8,137,140,6
1,7,0,5,159,163,6
1,8,0,4,174,170,6
1,9,0,10,127,128,6
1,10,0,13,92,107,6
1,11,0,6,164,167,6
1,12,0,11,105,115,6
1,13,0,9,126,129,6
1,14,0,14,83,93,6
1,15,0,12,106,110,6
1,16,0,15,88,94,6
1,17,0,19,73,85,3
1,18,0,18,74,86,3
1,19,0,17,77,85,3
1,20,0,16,79,89,3
1,21,0,20,74,88,3
1,22,0,23,42,49,3
1,23,0,21,58,65,3
1,24,0,25,28,36,3
1,25,0,27,20,34,3
1,26,0,24,36,47,3
1,29,0,26,24,32,3
1,30,0,22,41,58,3
1,31,0,30,23,28,3
1,33,0,32,25,25,3
1,34,0,31,23,25,3
1,36,0,35,15,25,3
1,37,0,38,17,21,3
1,39,0,37,15,0,1
1,40,0,39,0,0,1
1,41,0,41,0,0,1
1,49,0,55,0,0,1
1,50,0,48,0,0,1
1,53,0,57,0,0,1
1,60,0,54,0,0,1
1,61,0,60,0,0,1
1,66,0,66,0,0,1
1,67,0,64,0,0,1
1,70,0,70,0,0,1
1,71,0,71,0,0,1
1,72,0,72,0,0,1
1,74,0,79,0,0,1
1,78,0,73,0,0,1
1,90,0,84,0,0,1
1,95,0,95,0,0,1
2,3,3,1,173,174,6
2,4,3,2,202,205,6
2,5,3,7,154,157,6
2,7,3,5,163,170,6
2,8,3,4,199,200,6
2,9,3,10,135,138,6
2,12,3,11,116,121,6
2,17,3,19,84,95,3
2,21,3,20,83,90,3
2,31,3,30,26,36,3
2,36,3,35,0,0,1
2,64,3,67,0,0,1
3,4,1,2,178,179,6
3,7,1,5,159,159,6
3,9,1,10,130,131,6
3,13,1,9,124,131,6
3,19,1,17,74,79,3
3,21,1,20,74,79,3
3,32,1,33,22,25,3
3,69,1,65,0,0,1
4,8,2,4,206,207,6
4,9,2,10,139,141,6
4,11,2,6,176,179,6
4,18,2,18,87,105,3
4,21,2,20,93,100,3
4,31,2,30,32,34,3
4,35,2,34,24,28,3
4,66,2,66,0,0,1
5,6,7,8,173,175,6
5,7,7,5,163,163,6
5,9,7,10,147,152,6
5,11,7,6,183,188,6
5,12,7,11,134,144,6
5,13,7,9,163,163,6
5,16,7,15,118,127,6
5,21,7,20,101,115,3
5,22,7,23,57,68,3
5,31,7,30,29,31,3
5,40,7,39,16,20,3
5,71,7,71,0,0,1
6,8,8,4,156,156,6
6,9,8,10,148,151,6
6,11,8,6,168,170,6
6,13,8,9,170,165,6
6,15,8,12,145,149,6
6,20,8,16,111,112,6
6,21,8,20,92,104,3
6,26,8,24,54,66,3
6,46,8,40,15,18,3
6,72,8,72,0,0,1
7,8,5,4,179,179,6
7,9,5,10,135,131,6
7,10,5,13,115,108,6
7,11,5,6,184,190,6
7,13,5,9,146,149,6
7,21,5,20,95,103,3
7,23,5,21,73,81,3
7,31,5,30,34,41,3
7,39,5,37,18,24,3
7,65,5,69,0,0,1
8,9,4,10,138,132,6
8,11,4,6,175,177,6
8,15,4,12,123,132,6
8,21,4,20,85,91,3
8,38,4,36,16,20,3
8,73,4,68,0,0,1
9,10,10,13,137,139,6
9,11,10,6,149,158,6
9,12,10,11,170,170,6
9,13,10,9,179,178,6
9,14,10,14,135,138,6
9,15,10,12,159,162,6
9,16,10,15,117,118,6
9,17,10,19,86,97,3
9,18,10,18,110,118,3
9,19,10,17,98,105,6
9,20,10,16,114,119,6
9,21,10,20,93,103,3
9,22,10,23,59,62,3
9,23,10,21,74,88,3
9,24,10,25,44,55,3
9,25,10,27,34,45,3
9,26,10,24,57,64,3
9,27,10,29,30,36,3
9,28,10,28,36,35,3
9,29,10,26,37,48,3
9,30,10,22,61,72,3
9,31,10,30,33,38,3
9,33,10,32,30,30,3
9,34,10,31,27,31,3
9,36,10,35,15,0,1
9,37,10,38,17,0,1
9,38,10,36,19,22,3
9,39,10,37,18,23,3
9,40,10,39,17,19,3
9,42,10,42,0,0,1
9,45,10,45,15,0,1
9,46,10,40,15,0,1
9,47,10,46,0,0,1
9,49,10,55,0,0,1
9,51,10,56,0,0,1
9,65,10,69,0,0,1
9,66,10,66,0,0,1
9,67,10,64,0,0,1
9,80,10,74,0,0,1
9,83,10,81,0,0,1
9,88,10,85,0,0,1
9,90,10,84,0,0,1
10,12,13,11,152,155,6
10,13,13,9,128,134,6
10,14,13,14,164,167,6
10,15,13,12,157,165,6
10,16,13,15,157,163,6
10,19,13,17,135,139,6
10,21,13,20,121,120,6
10,23,13,21,102,107,6
10,27,13,29,29,35,3
10,31,13,30,33,36,6
10,45,13,45,0,0,1
10,76,13,77,0,0,1
11,14,6,14,108,114,6
11,21,6,20,93,103,3
11,30,6,22,56,70,3
11,31,6,30,33,38,3
11,37,6,38,19,26,3
11,70,6,70,0,0,1
12,13,11,9,158,159,6
12,15,11,12,179,180,6
12,16,11,15,130,144,6
12,17,11,19,97,107,3
12,21,11,20,92,93,6
12,25,11,27,34,38,3
12,44,11,43,0,0,1
12,96,11,75,0,0,1
13,19,9,17,102,105,6
13,21,9,20,100,106,3
13,24,9,25,46,49,3
13,31,9,30,37,39,3
13,41,9,41,16,20,3
13,78,9,73,0,0,1
14,15,14,12,149,155,6
14,16,14,15,176,185,6
14,18,14,18,133,147,6
14,20,14,16,174,180,6
14,21,14,20,130,136,6
14,30,14,22,85,100,6
14,31,14,30,36,40,3
14,47,14,46,0,0,1
14,75,14,78,0,0,1
15,20,12,16,145,148,6
15,21,12,20,104,105,6
15,28,12,28,43,49,3
15,54,12,44,0,0,1
15,79,12,76,0,0,1
16,17,15,19,139,149,6
16,19,15,17,162,170,6
16,20,15,16,178,182,6
16,21,15,20,138,155,6
16,22,15,23,74,98,3
16,31,15,30,39,43,3
16,34,15,31,41,44,3
16,43,15,47,0,0,1
16,74,15,79,0,0,1
17,18,19,18,176,178,6
17,19,19,17,154,158,6
17,21,19,20,185,188,6
17,22,19,23,105,116,3
17,23,19,21,170,169,6
17,25,19,27,53,58,3
17,31,19,30,46,44,3
17,36,19,35,30,35,3
17,48,19,51,0,0,1
17,82,19,83,0,0,1
18,19,18,17,168,171,6
18,20,18,16,158,162,6
18,21,18,20,174,182,6
18,29,18,26,63,67,3
18,30,18,22,129,138,6
18,31,18,30,42,44,6
18,35,18,34,33,32,3
18,57,18,50,0,0,1
18,85,18,82,0,0,1
19,20,17,16,168,170,6
19,21,17,20,156,162,6
19,23,17,21,148,152,6
19,24,17,25,60,75,3
19,31,17,30,45,48,3
19,32,17,33,30,32,3
19,56,17,49,0,0,1
19,83,17,81,0,0,1
20,21,16,20,144,153,6
20,26,16,24,73,85,3
20,31,16,30,38,43,3
20,33,16,32,44,43,3
20,50,16,48,0,0,1
20,81,16,80,0,0,1
21,22,20,23,119,128,3
21,23,20,21,190,193,6
21,24,20,25,71,87,3
21,25,20,27,62,60,3
21,26,20,24,107,115,3
21,27,20,29,39,39,3
21,28,20,28,48,58,3
21,29,20,26,70,73,3
21,30,20,22,151,155,6
21,31,20,30,41,49,3
21,32,20,33,27,38,3
21,33,20,32,42,44,3
21,34,20,31,49,53,3
21,35,20,34,34,32,3
21,36,20,35,30,29,3
21,37,20,38,26,30,3
21,38,20,36,28,33,3
21,39,20,37,25,30,3
21,40,20,39,24,28,3
21,48,20,51,0,0,1
21,49,20,55,0,0,1
21,52,20,52,0,0,1
21,53,20,57,0,0,1
21,54,20,44,0,0,1
21,55,20,58,0,0,1
21,59,20,53,0,0,1
21,66,20,66,0,0,1
21,82,20,83,0,0,1
21,88,20,85,0,0,1
21,90,20,84,0,0,1
21,91,20,92,0,0,1
21,95,20,95,0,0,1
22,23,23,21,131,134,6
22,24,23,25,121,126,3
22,25,23,27,78,73,3
22,26,23,24,144,152,6
22,30,23,22,137,147,6
22,31,23,30,57,60,3
22,34,23,31,56,59,3
22,40,23,39,22,30,3
22,49,23,55,0,0,1
22,84,23,87,0,0,1
23,24,21,25,83,89,3
23,27,21,29,42,40,3
23,30,21,22,168,164,6
23,31,21,30,48,51,3
23,39,21,37,27,32,3
23,59,21,53,0,0,1
23,88,21,85,0,0,1
24,25,25,27,108,104,6
24,26,25,24,150,149,6
24,27,25,29,86,89,3
24,29,25,26,132,131,6
24,31,25,30,77,82,3
24,32,25,33,52,55,3
24,41,25,41,24,34,3
24,53,25,57,17,0,1
24,87,25,89,0,0,1
25,27,27,29,98,99,6
25,28,27,28,123,126,6
25,29,27,26,137,133,6
25,31,27,30,89,95,3
25,34,27,31,85,72,6
25,36,27,35,46,52,3
25,44,27,43,29,30,6
25,46,27,40,34,38,3
25,58,27,59,0,0,1
25,93,27,91,0,0,1
26,28,24,28,87,100,3
26,29,24,26,112,117,3
26,30,24,22,123,126,3
26,31,24,30,67,76,3
26,33,24,32,57,53,3
26,46,24,40,37,36,3
26,51,24,56,0,0,1
26,86,24,88,0,0,1
27,28,29,28,121,123,6
27,31,29,30,141,138,6
27,32,29,33,81,81,3
27,34,29,31,117,125,3
27,39,29,37,54,64,3
27,45,29,45,27,34,3
27,62,29,61,0,0,1
27,94,29,93,0,0,1
28,29,28,26,111,115,3
28,31,28,30,112,123,3
28,33,28,32,86,75,6
28,38,28,36,55,61,3
28,46,28,40,37,44,3
28,54,28,44,26,34,3
28,61,28,60,0,0,1
28,91,28,92,0,0,1
29,30,26,22,75,79,3
29,31,26,30,88,79,6
29,35,26,34,57,59,3
29,42,26,42,25,34,3
29,55,26,58,15,0,1
29,92,26,90,0,0,1
30,31,22,30,51,56,3
30,37,22,38,29,37,3
30,60,22,54,0,0,1
30,89,22,86,0,0,1
31,32,30,33,103,105,3
31,33,30,32,120,115,6
31,34,30,31,144,146,6
31,35,30,34,88,87,3
31,36,30,35,80,83,3
31,37,30,38,54,55,3
31,38,30,36,78,74,3
31,39,30,37,62,61,3
31,40,30,39,50,61,3
31,41,30,41,46,47,3
31,42,30,42,39,43,3
31,44,30,43,37,47,3
31,45,30,45,32,40,3
31,46,30,40,49,52,3
31,47,30,46,27,29,6
31,53,30,57,15,23,3
31,55,30,58,15,20,3
31,59,30,53,16,23,6
31,62,30,61,0,0,1
31,63,30,62,15,0,1
31,64,30,67,0,0,1
31,67,30,64,17,0,1
31,68,30,63,0,0,1
31,69,30,65,0,0,1
31,77,30,94,0,0,1
31,80,30,74,17,23,3
31,94,30,93,0,0,1
32,33,33,32,126,130,6
32,34,33,31,117,112,6
32,35,33,34,116,120,6
32,36,33,35,114,117,3
32,39,33,37,87,96,3
32,41,33,41,57,54,6
32,46,33,40,69,74,3
32,56,33,49,35,37,3
32,57,33,50,34,47,3
32,69,33,65,20,19,6
32,92,33,90,15,0,1
33,34,32,31,149,153,6
33,35,32,34,109,111,3
33,38,32,36,94,96,3
33,46,32,40,66,73,3
33,50,32,48,32,38,3
33,67,32,64,0,0,1
34,36,31,35,88,93,3
34,40,31,39,60,71,3
34,43,31,47,29,34,6
34,68,31,63,18,19,3
34,95,31,95,0,0,1
35,36,34,35,129,118,6
35,37,34,38,86,91,3
35,38,34,36,122,125,3
35,42,34,42,59,60,6
35,46,34,40,72,79,3
35,57,34,50,35,39,6
35,66,34,66,16,25,3
36,38,35,36,124,116,6
36,39,35,37,104,87,6
36,40,35,39,84,88,3
36,44,35,43,59,71,3
36,46,35,40,78,79,3
36,48,35,51,37,46,6
36,64,35,67,20,28,3
36,81,35,80,15,0,1
37,38,38,36,110,114,3
37,39,38,37,125,117,6
37,40,38,39,137,130,6
37,42,38,42,81,88,6
37,46,38,40,122,113,6
37,47,38,46,65,73,3
37,57,38,50,47,60,3
37,60,38,54,40,41,3
37,70,38,70,28,32,6
38,39,36,37,118,111,6
38,46,36,40,88,93,3
38,52,36,52,38,40,3
38,54,36,44,58,65,3
38,57,36,50,41,51,3
38,73,36,68,17,0,1
39,40,37,39,107,119,3
39,41,37,41,65,74,3
39,45,37,45,52,58,3
39,46,37,40,86,85,6
39,57,37,50,36,47,6
39,59,37,53,28,34,3
39,65,37,69,22,30,3
39,81,37,80,16,0,1
39,92,37,90,18,0,1
40,41,39,41,98,102,3
40,43,39,47,57,63,3
40,44,39,43,74,85,6
40,46,39,40,143,147,6
40,49,39,55,31,39,3
40,57,39,50,49,59,3
40,61,39,60,27,34,3
40,71,39,71,25,33,6
40,81,39,80,17,27,3
41,42,41,42,126,138,6
41,44,41,43,100,108,6
41,45,41,45,81,90,3
41,46,41,40,121,122,6
41,53,41,57,50,49,3
41,56,41,49,70,83,3
41,57,41,50,72,84,3
41,61,41,60,35,42,3
41,70,41,70,29,30,6
41,78,41,73,27,31,6
41,92,41,90,15,0,1
42,44,42,43,130,129,6
42,46,42,40,94,108,6
42,47,42,46,98,100,3
42,54,42,44,146,147,6
42,55,42,58,50,50,3
42,57,42,50,79,92,3
42,61,42,60,39,47,3
42,70,42,70,26,32,6
42,80,42,74,26,29,6
42,81,42,80,19,24,3
42,92,42,90,17,20,3
43,44,47,43,86,90,3
43,45,47,45,118,120,6
43,46,47,40,61,70,3
43,47,47,46,145,148,6
43,48,47,51,107,103,6
43,49,47,55,65,74,3
43,50,47,48,127,134,6
43,56,47,49,115,118,3
43,57,47,50,102,106,6
43,61,47,60,48,54,6
43,68,47,63,47,56,3
43,70,47,70,40,39,6
43,74,47,79,25,32,3
43,81,47,80,20,22,3
43,92,47,90,15,0,1
44,45,43,45,104,112,6
44,46,43,40,80,86,3
44,48,43,51,69,80,3
44,54,43,44,141,147,6
44,57,43,50,75,84,3
44,58,43,59,39,48,3
44,61,43,60,34,43,3
44,70,43,70,27,36,6
44,81,43,80,15,0,1
44,96,43,75,22,28,3
45,46,45,40,73,80,3
45,47,45,46,135,143,6
45,54,45,44,120,135,6
45,56,45,49,104,106,3
45,57,45,50,98,107,3
45,59,45,53,76,85,6
45,61,45,60,46,50,3
45,62,45,61,57,60,3
45,70,45,70,39,49,3
45,76,45,77,22,31,3
45,81,45,80,21,22,3
45,92,45,90,20,0,1
46,47,40,46,67,72,3
46,48,40,51,52,61,3
46,49,40,55,33,37,3
46,50,40,48,67,70,3
46,51,40,56,34,43,3
46,52,40,52,47,57,3
46,53,40,57,39,32,6
46,54,40,44,89,100,3
46,55,40,58,35,42,3
46,56,40,49,61,69,3
46,57,40,50,60,74,3
46,58,40,59,37,40,3
46,59,40,53,40,49,3
46,60,40,54,43,47,3
46,61,40,60,30,38,3
46,62,40,61,34,41,3
46,63,40,62,35,33,3
46,64,40,67,30,32,6
46,65,40,69,29,35,3
46,66,40,66,27,32,6
46,67,40,64,31,32,6
46,68,40,63,30,34,3
46,70,40,70,28,40,3
46,71,40,71,25,34,3
46,72,40,72,29,34,3
46,73,40,68,22,30,3
46,74,40,79,19,19,3
46,75,40,78,18,21,3
46,76,40,77,0,0,1
46,84,40,87,24,23,3
46,85,40,82,15,0,1
46,89,40,86,19,21,3
46,95,40,95,0,0,1
47,50,46,48,143,149,6
47,54,46,44,120,126,6
47,57,46,50,113,115,3
47,60,46,54,83,89,3
47,61,46,60,48,54,3
47,63,46,62,53,54,3
47,75,46,78,24,30,3
47,92,46,90,20,0,1
48,49,51,55,86,100,3
48,52,51,52,145,152,6
48,56,51,49,132,135,6
48,57,51,50,143,151,6
48,58,51,59,75,87,3
48,59,51,53,128,138,6
48,61,51,60,74,79,3
48,64,51,67,49,45,6
48,70,51,70,47,49,6
48,82,51,83,23,29,3
48,92,51,90,20,0,1
49,51,55,56,143,145,6
49,53,55,57,122,125,6
49,57,55,50,87,98,3
49,58,55,59,102,111,3
49,59,55,53,114,123,3
49,60,55,54,125,129,6
49,61,55,60,100,104,3
49,68,55,63,80,81,3
49,70,55,70,55,65,3
49,71,55,71,50,53,3
49,84,55,87,32,33,3
49,92,55,90,27,29,3
50,51,48,56,62,79,3
50,52,48,52,118,118,3
50,54,48,44,112,107,6
50,56,48,49,132,133,6
50,57,48,50,125,120,6
50,61,48,60,56,63,3
50,67,48,64,55,50,6
50,81,48,80,24,25,3
50,92,48,90,20,24,3
51,52,56,52,87,98,3
51,53,56,57,131,130,6
51,55,56,58,136,132,6
51,57,56,50,81,90,3
51,60,56,54,111,116,3
51,61,56,60,99,101,3
51,67,56,64,78,81,3
51,70,56,70,60,76,3
51,72,56,72,52,57,3
51,81,56,80,30,37,3
51,86,56,88,36,41,3
52,54,52,44,81,83,3
52,57,52,50,151,145,6
52,59,52,53,135,145,6
52,60,52,54,120,128,6
52,61,52,60,68,81,3
52,70,52,70,50,49,6
52,73,52,68,42,42,6
52,81,52,80,29,33,3
52,90,52,84,24,26,3
52,92,52,90,22,22,3
53,55,57,58,142,146,6
53,56,57,49,80,89,3
53,57,57,50,83,93,3
53,58,57,59,111,119,6
53,59,57,53,107,113,3
53,61,57,60,110,115,6
53,62,57,61,91,89,6
53,69,57,65,74,84,3
53,70,57,70,58,66,3
53,78,57,73,49,48,6
53,87,57,89,34,34,3
54,57,44,50,92,99,3
54,61,44,60,44,54,3
54,79,44,76,19,30,3
55,57,58,50,85,89,3
55,58,58,59,124,132,6
55,60,58,54,104,113,3
55,61,58,60,123,125,6
55,63,58,62,110,105,6
55,66,58,66,84,90,3
55,70,58,70,72,74,3
55,80,58,74,55,43,6
55,81,58,80,37,35,3
55,92,58,90,32,29,3
56,57,49,50,148,153,6
56,59,49,53,108,105,6
56,61,49,60,61,73,3
56,69,49,65,52,49,6
56,70,49,70,48,41,6
56,81,49,80,21,29,3
56,83,49,81,22,22,3
57,58,50,59,81,89,3
57,59,50,53,126,117,6
57,60,50,54,108,108,6
57,61,50,60,68,78,3
57,62,50,61,66,83,3
57,63,50,62,76,72,3
57,64,50,67,50,60,3
57,65,50,69,53,47,6
57,66,50,66,63,64,3
57,67,50,64,64,73,3
57,68,50,63,65,53,6
57,69,50,65,59,63,3
57,70,50,70,53,51,6
57,71,50,71,50,49,6
57,72,50,72,49,43,6
57,73,50,68,42,42,6
57,76,50,77,32,35,3
57,78,50,73,49,52,3
57,80,50,74,43,42,3
57,81,50,80,32,33,3
57,85,50,82,27,37,3
57,86,50,88,31,33,3
57,87,50,89,31,33,3
57,89,50,86,28,28,3
57,90,50,84,32,41,3
57,91,50,92,26,25,3
57,92,50,90,26,26,3
57,93,50,91,23,26,3
57,94,50,93,26,28,3
58,61,59,60,126,130,6
58,62,59,61,121,123,6
58,64,59,67,80,81,3
58,68,59,63,102,104,3
58,70,59,70,74,85,3
58,81,59,80,33,36,3
58,92,59,90,36,37,3
58,93,59,91,37,34,3
58,96,59,75,44,36,6
59,60,53,54,139,143,6
59,61,53,60,82,71,6
59,62,53,61,81,86,3
59,65,53,69,56,55,6
59,70,53,70,51,50,6
59,81,53,80,25,30,3
59,88,53,85,31,32,3
60,61,54,60,84,91,3
60,63,54,62,85,66,6
60,70,54,70,47,49,6
60,89,54,86,30,34,3
61,62,60,61,132,134,6
61,63,60,62,121,123,6
61,64,60,67,69,63,6
61,65,60,69,65,62,6
61,66,60,66,83,93,3
61,67,60,64,100,96,6
61,68,60,63,107,96,6
61,69,60,65,82,88,6
61,70,60,70,67,74,3
61,71,60,71,60,56,6
61,72,60,72,55,57,3
61,73,60,68,65,70,3
61,74,60,79,33,36,3
61,75,60,78,37,39,3
61,76,60,77,42,44,3
61,77,60,94,33,35,3
61,78,60,73,57,66,3
61,79,60,76,48,44,3
61,80,60,74,59,53,6
61,81,60,80,30,39,3
61,82,60,83,36,44,3
61,83,60,81,34,37,3
61,84,60,87,37,34,3
61,85,60,82,33,39,3
61,86,60,88,38,38,3
61,87,60,89,38,39,3
61,88,60,85,35,39,3
61,90,60,84,32,35,3
61,91,60,92,37,42,3
61,92,60,90,33,30,3
61,94,60,93,34,39,3
61,96,60,75,42,43,3
62,63,61,62,127,131,6
62,65,61,69,72,78,3
62,68,61,63,105,103,6
62,69,61,65,89,86,6
62,70,61,70,71,78,3
62,76,61,77,41,46,3
62,81,61,80,34,41,3
62,92,61,90,37,42,3
62,94,61,93,36,40,3
63,66,62,66,106,108,3
63,67,62,64,116,124,6
63,68,62,63,132,138,6
63,70,62,70,80,87,3
63,75,62,78,47,50,3
63,77,62,94,34,39,3
63,81,62,80,43,39,3
63,92,62,90,40,37,3
64,65,67,69,124,126,6
64,66,67,66,120,132,6
64,68,67,63,95,97,3
64,69,67,65,107,112,6
64,70,67,70,125,118,6
64,71,67,71,107,104,6
64,73,67,68,120,128,6
64,81,67,80,51,52,3
64,82,67,83,53,52,6
64,92,67,90,45,52,3
64,96,67,75,69,82,3
65,69,69,65,96,85,6
65,70,69,70,140,145,6
65,71,69,71,113,120,6
65,73,69,68,125,128,6
65,76,69,77,68,73,3
65,78,69,73,96,108,6
65,81,69,80,50,57,3
65,88,69,85,45,52,3
65,92,69,90,47,52,3
66,67,66,64,118,126,3
66,69,66,65,137,141,6
66,70,66,70,107,103,6
66,73,66,68,103,114,6
66,80,66,74,77,90,3
66,81,66,80,47,46,3
66,85,66,82,55,53,3
66,92,66,90,41,40,3
67,68,64,63,127,130,6
67,69,64,65,121,125,6
67,70,64,70,90,93,3
67,72,64,72,71,72,3
67,73,64,68,92,87,6
67,81,64,80,40,40,3
67,92,64,90,34,41,3
68,69,63,65,107,111,6
68,70,63,70,82,79,6
68,71,63,71,73,82,3
68,74,63,79,45,47,3
68,81,63,80,47,43,3
68,92,63,90,40,40,3
68,95,63,95,31,34,3
69,70,65,70,96,101,3
69,78,65,73,69,77,3
69,81,65,80,51,47,3
69,83,65,81,44,48,3
69,92,65,90,40,42,3
70,71,70,71,135,139,6
70,72,70,72,126,128,6
70,73,70,68,124,131,6
70,74,70,79,70,66,3
70,75,70,78,72,77,3
70,76,70,77,83,78,3
70,78,70,73,117,110,6
70,79,70,76,75,85,3
70,80,70,74,113,124,3
70,81,70,80,65,61,6
70,82,70,83,58,65,3
70,83,70,81,63,69,3
70,84,70,87,52,62,3
70,85,70,82,61,70,3
70,86,70,88,56,59,3
70,87,70,89,50,64,3
70,88,70,85,59,67,3
70,89,70,86,62,68,3
70,90,70,84,67,69,3
70,92,70,90,48,58,3
70,93,70,91,52,58,3
70,94,70,93,44,49,3
70,96,70,75,77,90,3
71,72,71,72,122,126,6
71,74,71,79,58,68,3
71,78,71,73,112,117,6
71,81,71,80,55,58,3
71,84,71,87,52,58,3
71,92,71,90,50,55,3
71,96,71,75,79,88,3
72,73,72,68,91,98,6
72,78,72,73,123,129,6
72,79,72,76,79,82,3
72,80,72,74,112,0,1
72,81,72,80,58,63,6
72,86,72,88,64,61,6
72,92,72,90,57,61,3
73,79,68,76,67,75,3
73,81,68,80,46,54,3
73,90,68,84,53,59,3
73,92,68,90,47,54,3
74,75,79,78,132,136,6
74,76,79,77,118,126,6
74,81,79,80,120,118,6
74,82,79,83,101,109,6
74,83,79,81,113,117,6
74,84,79,87,89,89,6
74,92,79,90,95,103,3
74,95,79,95,66,70,3
74,96,79,75,87,96,3
75,76,78,77,132,138,6
75,77,78,94,68,78,3
75,79,78,76,129,132,6
75,80,78,74,97,103,3
75,81,78,80,115,120,6
75,85,78,82,106,115,6
75,89,78,86,103,104,6
75,92,78,90,89,101,3
76,78,77,73,87,95,3
76,79,77,76,139,138,6
76,81,77,80,111,116,6
76,83,77,81,105,114,6
76,88,77,85,95,105,6
76,92,77,90,84,93,3
76,94,77,93,67,72,3
76,96,77,75,112,113,6
77,81,94,80,79,83,3
77,89,94,86,97,103,3
77,91,94,92,121,106,6
77,92,94,90,107,115,3
77,94,94,93,123,127,6
77,95,94,95,113,118,6
78,80,73,74,141,142,6
78,81,73,80,70,80,3
78,83,73,81,70,76,3
78,87,73,89,64,75,3
78,92,73,90,61,66,3
78,96,73,75,112,107,6
79,80,76,74,103,105,3
79,81,76,80,103,101,6
79,90,76,84,95,100,3
79,91,76,92,63,68,3
79,92,76,90,83,87,3
79,96,76,75,108,111,6
80,81,74,80,72,80,3
80,85,74,82,71,77,3
80,92,74,90,60,63,3
80,96,74,75,118,122,6
81,82,80,83,116,123,6
81,83,80,81,125,130,6
81,84,80,87,95,94,6
81,85,80,82,123,127,6
81,86,80,88,94,101,3
81,87,80,89,93,102,3
81,88,80,85,111,117,6
81,89,80,86,115,113,6
81,90,80,84,114,121,6
81,91,80,92,79,86,3
81,92,80,90,97,103,3
81,93,80,91,81,89,3
81,94,80,93,77,87,3
81,95,80,95,68,69,3
81,96,80,75,82,91,3
82,83,83,81,134,136,6
82,84,83,87,104,101,6
82,85,83,82,141,141,6
82,88,83,85,126,126,6
82,90,83,84,144,144,6
82,92,83,90,106,109,3
82,93,83,91,87,93,3
82,96,83,75,75,78,6
83,85,81,82,151,153,6
83,87,81,89,104,110,3
83,88,81,85,126,129,6
83,92,81,90,110,117,3
84,86,87,88,139,139,6
84,87,87,89,123,128,6
84,88,87,85,120,120,6
84,89,87,86,128,131,6
84,92,87,90,124,116,6
84,93,87,91,104,97,6
84,95,87,95,86,89,3
85,89,82,86,126,128,6
85,90,82,84,128,131,6
85,92,82,90,110,118,3
86,87,88,89,129,136,6
86,89,88,86,119,120,6
86,90,88,84,114,96,6
86,91,88,92,92,92,6
86,92,88,90,126,118,6
87,88,89,85,106,109,6
87,92,89,90,142,138,6
87,93,89,91,118,118,6
87,94,89,93,99,93,6
88,89,85,86,140,141,6
88,90,85,84,132,133,6
88,92,85,90,110,104,6
88,94,85,93,86,84,6
89,90,86,84,128,129,6
89,92,86,90,127,110,6
90,91,84,92,83,74,6
90,92,84,90,108,115,3
91,92,92,90,100,105,6
91,93,92,91,110,118,6
91,94,92,93,120,125,6
92,93,90,91,126,125,6
92,94,90,93,104,102,6
92,95,90,95,91,98,3
92,96,90,75,67,73,3
93,94,91,93,107,114,6
93,95,91,95,91,81,6
93,96,91,75,60,70,3
94,95,93,95,103,108,6
