file,source_frame,time_seconds,3d_row,visibility_row,pose_row,intrinsics_row,rgb_sha256
frames/frame_110.jpg,110,3.666666667,110,110,110,constant fx_fy_cx_cy,1df3751ecca7201bc6a613a6c4f2a7b748c71badae48b5aec500405367422785
frames/frame_111.jpg,111,3.700000000,111,111,111,constant fx_fy_cx_cy,79bfc269d89154d44cc2f0a312c7d56e69ff8b64536be8cfa7523b2184c7b2ec
frames/frame_112.jpg,112,3.733333333,112,112,112,constant fx_fy_cx_cy,153e57b2e5e12f4abc810a6b8ee75d13e9ee3b88013a11b2b4b2792bc9e688d4
frames/frame_113.jpg,113,3.766666667,113,113,113,constant fx_fy_cx_cy,776bf119f014ba1782b74748a64bacfab9d2a7043007dc16424d1bcc506cbb7b
frames/frame_114.jpg,114,3.800000000,114,114,114,constant fx_fy_cx_cy,9d7a01d510291dc214b5d055897373f52b527162981a35ca715b29c02d3ecca9
frames/frame_115.jpg,115,3.833333333,115,115,115,constant fx_fy_cx_cy,a9db7ff9cb655532b8328c49560865f99dc38696367f1febd2853906157b0b57
frames/frame_116.jpg,116,3.866666667,116,116,116,constant fx_fy_cx_cy,a40c76c9352b4232e8af1b1ab31e7e4c3e3b9dfb03e1d1d590a19ff51b22ad74
frames/frame_117.jpg,117,3.900000000,117,117,117,constant fx_fy_cx_cy,d0d0cb489fc20ea39553205339f65826e286323b86ef7c061720d631aae1cfb9
frames/frame_118.jpg,118,3.933333333,118,118,118,constant fx_fy_cx_cy,11be9c0a629052e9b3a89b8f9e04a2a955f9834b413cc5be5edc36d5c86b29b6
frames/frame_119.jpg,119,3.966666667,119,119,119,constant fx_fy_cx_cy,44948db4db7d0ee15f67904d3a6943b34f47c0597dda73d03abd6f73324daef4
frames/frame_120.jpg,120,4.000000000,120,120,120,constant fx_fy_cx_cy,329e31918c01bfcc0b9c26e857d9586a4050f12aaec6c93fe6e2cc4b73461abd
frames/frame_121.jpg,121,4.033333333,121,121,121,constant fx_fy_cx_cy,3da7db25650fde4eaeb6da1d04a60816f403bd08694ab5c2545aa82c5acf3003
frames/frame_122.jpg,122,4.066666667,122,122,122,constant fx_fy_cx_cy,c49288b0b6a59defee9cc34f23babab64e7e5e1d2f2acb2ba6309b458480a414
frames/frame_123.jpg,123,4.100000000,123,123,123,constant fx_fy_cx_cy,891d100d439b3471a11e82b92a47f39f80d39c5e16d4c47c6ea4fe8151d0d760
frames/frame_124.jpg,124,4.133333333,124,124,124,constant fx_fy_cx_cy,fa4474cba26abfe6aed83c211ad48a1ed0d3bb85eeeb6d295fe97ddca24a0687
frames/frame_125.jpg,125,4.166666667,125,125,125,constant fx_fy_cx_cy,a9f08ce0b2558aea4c9425f72399314726fbc83ca6483951e216cba283b552b1
frames/frame_126.jpg,126,4.200000000,126,126,126,constant fx_fy_cx_cy,b4a0215ddf8dfae68b9943665ba63e162b8e62bc4011dda88d1fb85352c32810
frames/frame_127.jpg,127,4.233333333,127,127,127,constant fx_fy_cx_cy,4e4f3608c85e554fc7e33d975c722bbc765c1ce0a3942151e8a5ea213a4af932
frames/frame_128.jpg,128,4.266666667,128,128,128,constant fx_fy_cx_cy,73f5607e25287e206d9abcdd4cd5f94d624c7878da9a964f4898993c511951d9
frames/frame_129.jpg,129,4.300000000,129,129,129,constant fx_fy_cx_cy,37e7726037f90c80ba2901926639e9899dd64165b21d538aaa1415229b250f56
frames/frame_130.jpg,130,4.333333333,130,130,130,constant fx_fy_cx_cy,1a947f73a55088fe63d610c03ba8d1a156bf7d782a8e5237c97be370fa8097b4
frames/frame_131.jpg,131,4.366666667,131,131,131,constant fx_fy_cx_cy,6391d0160c37a9b6d113d66852d8e3f1b39539d99aa3baad44cd4f20c74aa6f6
frames/frame_132.jpg,132,4.400000000,132,132,132,constant fx_fy_cx_cy,80e1cff593fc449385f1ae08c31581b58aaaae9abaa8eb85163111435b20e117
frames/frame_133.jpg,133,4.433333333,133,133,133,constant fx_fy_cx_cy,5aff51fd28a62f4c3fe9e77fcbfb040e00bb11d70b4a691efca5d6472ac4c6e9
frames/frame_134.jpg,134,4.466666667,134,134,134,constant fx_fy_cx_cy,eb7daaa79abcb3b10e91986827e2d7fe43a7f233af274258c54b1938a098b47b
frames/frame_135.jpg,135,4.500000000,135,135,135,constant fx_fy_cx_cy,6c3248d34d3ee6fac0c6d1bb45eb67918ec5c100491b85a4a4e3e6c4c513e552
frames/frame_136.jpg,136,4.533333333,136,136,136,constant fx_fy_cx_cy,a1753f1973d08854b750d67dcb8ab4b798528e6ab305707c8212636cf71d8195
frames/frame_137.jpg,137,4.566666667,137,137,137,constant fx_fy_cx_cy,374f4e299b725aff1fbb7b5add58dcb602c013586d1fd95bbb89c4ad345e1c14
frames/frame_138.jpg,138,4.600000000,138,138,138,constant fx_fy_cx_cy,1bb8b3d8bc49bce8047c89f14c61a1bdc5818260771bb16185231570307122fc
frames/frame_139.jpg,139,4.633333333,139,139,139,constant fx_fy_cx_cy,e1071fc32b5c2b457b0fbf874e23974907d750454add98f1931d09a7f2b1d2c6
frames/frame_140.jpg,140,4.666666667,140,140,140,constant fx_fy_cx_cy,f300c39302eb6e627e9b5cac1fb7a93f0d3bd7f09ebf28ec2ad7507834dc4c84
frames/frame_141.jpg,141,4.700000000,141,141,141,constant fx_fy_cx_cy,76884c4e440edeebbf78de432865e5ff02f2806ef121e48ef24b5ad5a31073f6
frames/frame_142.jpg,142,4.733333333,142,142,142,constant fx_fy_cx_cy,5dbb45dfeb28078e7d0b0d654cfb522cc8a193404ff8bb6eaf1e4766eb069ad9
