time_s,source_step,mean_3D_disagreement_m,mean_2D_disagreement_px
0.1,127,0.019412052931631032,19.84508328889566
0.2,128,0.06148554488720658,57.74560008636019
0.3,129,0.09993524713234614,83.3259589937922
0.4,130,0.10861190956178998,74.33221230047045
0.5,131,0.0988158316464044,43.12985207817238
0.6,132,0.09177969006870654,21.170345803072372
0.7,133,0.09279016731275964,46.64986964300677
0.8,134,0.10780310887486261,87.3407164022243
0.9,135,0.13274195779810716,124.71792473652312
1.0,136,0.15786028196003057,151.69649196298673
1.1,137,0.170295370151174,156.11578024092546
1.2,138,0.16373241977554642,131.2100316711026
1.3,139,0.15589673648930807,99.36449226284907
1.4,140,0.15007510786858436,68.31775780013665
1.5,141,0.15447137119012308,45.58117336043338
1.6,142,0.1698497642624639,58.22520402625325
1.7,143,0.17274820706278998,63.89884020275511
1.8,144,0.14368596824712432,37.517860959229736
1.9,145,0.11729546848022626,52.61323787195319
2.0,146,0.12116246694277832,95.98524979834517
