time_s,source_step,valid_points,MolmoMotion_mean_error_px,stationary_mean_error_px,constant_velocity_mean_error_px
0.1,127,8,8.476968034720056,5.736360146127591,4.505185171324062
0.2,128,8,6.6604059905511015,15.954990620675561,5.520345483283935
0.3,129,8,6.391951328676587,17.62724290307372,13.231206429614327
0.4,130,8,32.81076363004822,17.7014213688733,22.69139184710559
0.5,131,8,72.99827685264613,19.668048482805997,31.33538822492111
0.6,132,8,109.84506020638335,22.21947156956979,39.587911719108234
0.7,133,8,143.1957458332819,29.144075860664987,45.59961809956519
0.8,134,8,175.06404694915787,37.9601266906084,50.77025627406783
0.9,135,8,194.11067472335037,38.52513683529226,59.72126008130914
1.0,136,8,206.7590793277639,40.29944795697566,68.68470853639838
1.1,137,8,204.14098857942227,44.542217175728695,75.83294309588304
1.2,138,8,175.37858402561113,46.426631848555296,84.06309578735811
1.3,139,8,142.10122853762505,49.33116407815345,92.05031246747689
1.4,140,8,116.3980728528958,52.21218004420332,99.56315939085069
1.5,141,8,100.3091035226207,53.80387047375512,108.05907213558157
1.6,142,8,98.44477945921028,57.178652695192554,115.59581433810175
1.7,143,8,109.60174126379363,62.20862654672051,122.06764538763626
1.8,144,8,152.85257411783402,65.24679080833518,129.76276922525085
1.9,145,8,201.90373893073433,71.59592034748465,135.66591625892994
2.0,146,8,225.40028066096016,74.0631416838566,143.61571576249375
