frame_a,frame_b,n,median_displacement_px,fraction_displacement_lt1px
2,1,73,0.185203418135643,0.7534246575342466
2,0,69,0.19702818989753723,0.6956521739130435
2,3,52,0.3573581576347351,0.7307692307692307
2,4,44,0.6122196912765503,0.5454545454545454
2,10,30,0.26620322465896606,0.8333333333333334
2,6,39,0.5414268374443054,0.6153846153846154
2,18,23,0.4767671227455139,0.782608695652174
1,0,86,0.12354114651679993,0.9534883720930233
1,9,27,0.2901739180088043,0.8888888888888888
1,3,61,0.4631507098674774,0.6885245901639344
1,5,36,0.28352564573287964,0.8333333333333334
1,10,35,0.3777185380458832,0.7428571428571429
1,17,30,0.5312964916229248,0.6333333333333333
0,9,26,0.3158268928527832,0.8461538461538461
0,3,56,0.39082789421081543,0.7142857142857143
0,5,44,0.5119520425796509,0.6136363636363636
0,4,45,0.5332545638084412,0.6888888888888889
0,10,31,0.38086044788360596,0.7419354838709677
0,8,29,0.34462088346481323,0.896551724137931
0,7,26,0.20203185081481934,0.8846153846153846
0,6,35,0.3221202492713928,0.8
0,12,28,0.34481436014175415,0.7142857142857143
0,13,26,0.4002936780452728,0.8076923076923077
0,16,28,0.41133052110671997,0.7857142857142857
0,14,27,0.39605697989463806,0.8148148148148148
0,15,27,0.4317007064819336,0.7777777777777778
0,20,25,0.38218235969543457,0.68
0,19,27,0.31880950927734375,0.7777777777777778
0,21,29,0.49079081416130066,0.7241379310344828
0,25,29,0.5279802083969116,0.7586206896551724
0,26,28,0.4610106945037842,0.6785714285714286
0,27,29,0.40927374362945557,0.7586206896551724
9,5,40,0.4944193959236145,0.55
9,10,55,0.3654264211654663,0.5454545454545454
9,8,63,1.4759433269500732,0.47619047619047616
9,11,58,2.2902798652648926,0.43103448275862066
9,7,64,2.6105542182922363,0.453125
9,13,46,0.6179080605506897,0.5652173913043478
9,17,37,0.458534836769104,0.5405405405405406
9,25,28,0.21924111247062683,0.8214285714285714
3,5,54,0.5671563148498535,0.5740740740740741
3,4,55,0.3854654133319855,0.6727272727272727
3,10,37,0.2980804443359375,0.8378378378378378
3,11,29,0.2572084665298462,0.8275862068965517
3,7,37,0.3604547381401062,0.7027027027027027
3,19,27,0.31589725613594055,0.7777777777777778
5,4,65,0.46816134452819824,0.5846153846153846
5,10,41,0.8596037030220032,0.5121951219512195
5,7,53,1.1857757568359375,0.49056603773584906
5,6,56,0.7064125537872314,0.5535714285714286
5,13,44,0.39768123626708984,0.5454545454545454
5,20,30,0.24220597743988037,0.7
5,21,29,0.19756504893302917,0.7931034482758621
4,10,37,0.22631487250328064,0.7837837837837838
4,8,45,0.31664007902145386,0.6
4,6,66,2.727159261703491,0.42424242424242425
4,12,34,0.2011241316795349,0.8529411764705882
4,20,28,0.19179674983024597,0.7857142857142857
10,8,52,1.8599716424942017,0.46153846153846156
10,11,61,0.8269268870353699,0.5081967213114754
10,7,56,2.3385891914367676,0.4107142857142857
10,6,49,1.149308443069458,0.46938775510204084
10,12,65,0.5282770395278931,0.5538461538461539
10,13,56,0.5156928300857544,0.6071428571428571
10,16,41,0.2898261845111847,0.6341463414634146
10,14,58,0.8234951496124268,0.5
10,15,34,0.18280667066574097,0.8529411764705882
10,18,40,0.3756287097930908,0.575
10,17,40,0.33645734190940857,0.6
10,20,34,0.2336990237236023,0.7352941176470589
10,19,28,0.2257271409034729,0.7857142857142857
10,22,30,0.22335633635520935,0.8
10,23,29,0.18064464628696442,0.8275862068965517
10,25,32,0.2617020606994629,0.78125
10,26,27,0.2179621309041977,0.8518518518518519
10,24,33,0.29310673475265503,0.7878787878787878
10,27,27,0.24209223687648773,0.7777777777777778
10,44,22,29.314525604248047,0.0
8,7,76,1.2630475759506226,0.4868421052631579
8,6,60,0.9754906892776489,0.5
8,12,46,1.1705307960510254,0.4782608695652174
8,16,43,1.014182448387146,0.4883720930232558
8,24,26,0.18369418382644653,0.8461538461538461
11,7,45,0.7954621315002441,0.5333333333333333
11,12,59,0.3831556439399719,0.576271186440678
11,13,55,0.5348957777023315,0.5272727272727272
11,15,54,0.9489474296569824,0.5
11,19,25,0.23106709122657776,0.8
11,27,43,1.9709210395812988,0.46511627906976744
7,6,64,0.6178169250488281,0.515625
7,15,32,0.20309093594551086,0.75
7,20,28,0.15988241136074066,0.8571428571428571
7,23,27,0.16281303763389587,0.8148148148148148
6,14,36,0.4491691589355469,0.7222222222222222
6,20,29,0.19027015566825867,0.7931034482758621
6,22,28,0.23922967910766602,0.6428571428571429
12,13,68,0.3513258099555969,0.6029411764705882
12,16,59,0.7175534963607788,0.559322033898305
12,14,67,0.3094995319843292,0.5671641791044776
12,20,34,0.21871043741703033,0.7941176470588235
12,44,21,32.86377716064453,0.0
13,14,86,0.26491105556488037,0.6046511627906976
13,15,69,0.5031452178955078,0.5797101449275363
13,17,63,0.5673542022705078,0.5396825396825397
13,20,41,0.16864332556724548,0.8048780487804879
13,21,55,0.2987588942050934,0.6545454545454545
16,14,76,0.5338008999824524,0.5394736842105263
16,15,68,0.31459841132164,0.5735294117647058
16,18,66,0.4157654047012329,0.5909090909090909
16,17,87,2.1803698539733887,0.4482758620689655
16,20,56,0.44710707664489746,0.5535714285714286
16,24,41,0.16163641214370728,0.8780487804878049
14,15,82,0.4514266848564148,0.5487804878048781
14,18,69,0.63389652967453,0.5652173913043478
14,20,57,0.4225601851940155,0.5964912280701754
14,22,40,0.202750563621521,0.95
14,78,25,34.60581588745117,0.0
15,17,71,0.39941856265068054,0.5915492957746479
15,20,50,0.243739515542984,0.66
15,19,61,0.29166704416275024,0.6229508196721312
15,23,39,0.1698317676782608,0.8717948717948718
15,31,25,23.539752960205078,0.0
18,17,75,0.686158299446106,0.52
18,20,63,0.29383018612861633,0.5873015873015873
18,19,60,0.21976357698440552,0.6833333333333333
18,22,42,0.14467334747314453,0.8333333333333334
18,26,59,0.5640855431556702,0.5084745762711864
18,34,19,20.417797088623047,0.0
18,50,25,18.3026065826416,0.0
17,20,58,0.2528519034385681,0.603448275862069
17,19,65,0.3444339632987976,0.5538461538461539
17,21,59,0.2782655954360962,0.5932203389830508
17,25,60,0.36120837926864624,0.6
17,33,25,18.866636276245117,0.0
17,49,30,18.409610748291016,0.0
20,19,70,0.44504088163375854,0.5428571428571428
20,22,68,0.314609557390213,0.5588235294117647
20,21,83,0.34455373883247375,0.5662650602409639
20,23,68,0.4868956208229065,0.5147058823529411
20,25,64,0.2910520136356354,0.609375
20,26,64,0.652652382850647,0.53125
20,24,70,0.2784971296787262,0.5857142857142857
20,28,29,11.649153709411621,0.0
20,30,27,16.909408569335938,0.0
20,27,61,0.5585001707077026,0.5901639344262295
20,35,37,15.407971382141113,0.0
20,39,30,14.394660949707031,0.0
20,41,30,17.720905303955078,0.0
20,36,21,25.44510269165039,0.0
20,42,32,12.619945526123047,0.0
20,48,33,11.644525527954102,0.0
20,46,30,13.178123474121094,0.0
20,51,22,19.316015243530273,0.0
20,53,29,20.898998260498047,0.0
20,52,33,14.063675880432129,0.0
20,54,27,14.409954071044922,0.0
20,55,31,12.045075416564941,0.0
20,56,34,15.4879150390625,0.0
20,57,30,12.521181106567383,0.0
20,60,31,12.352642059326172,0.0
20,62,29,14.421666145324707,0.0
20,61,21,10.789643287658691,0.0
20,65,29,11.85322380065918,0.0
20,64,23,20.631040573120117,0.0
20,68,33,14.097400665283203,0.0
20,69,27,13.573282241821289,0.0
20,71,24,16.781511306762695,0.0
20,72,33,11.14236068725586,0.0
20,74,28,12.516268730163574,0.0
20,73,31,9.71962833404541,0.0
20,75,30,9.532451629638672,0.0
20,77,38,9.128273010253906,0.0
20,76,25,18.545978546142578,0.0
20,79,23,21.642072677612305,0.0
19,21,64,0.21459342539310455,0.625
19,23,61,0.26331162452697754,0.6065573770491803
19,27,48,0.44500401616096497,0.5625
19,35,25,14.963323593139648,0.0
19,51,30,13.723616600036621,0.0
22,21,76,0.21320316195487976,0.6052631578947368
22,23,89,0.32772374153137207,0.6067415730337079
22,26,64,0.916368842124939,0.53125
22,24,91,0.3352836072444916,0.7142857142857143
22,30,27,21.05828857421875,0.0
22,38,19,32.691097259521484,0.0
22,54,28,21.472122192382812,0.0
22,80,37,13.31493854522705,0.0
22,86,30,33.90350341796875,0.0
21,23,72,0.20793285965919495,0.6111111111111112
21,25,75,0.4167912006378174,0.5733333333333334
21,29,26,11.923110961914062,0.0
21,53,27,16.957977294921875,0.037037037037037035
23,25,68,0.29372793436050415,0.6470588235294118
23,24,85,0.21270911395549774,0.8117647058823529
23,31,25,20.78461265563965,0.0
23,27,48,0.2588801980018616,0.6875
23,39,29,19.898679733276367,0.0
23,55,30,19.335342407226562,0.0
25,29,23,11.32215404510498,0.0
25,26,74,0.6546457409858704,0.5135135135135135
25,24,71,0.239847332239151,0.6619718309859155
25,33,26,13.073317527770996,0.0
25,27,65,0.3411363661289215,0.6153846153846154
25,57,24,23.354598999023438,0.0
29,28,62,0.18455225229263306,0.9032258064516129
29,30,66,0.16723543405532837,0.9090909090909091
29,33,54,0.2902278006076813,0.6481481481481481
29,31,65,0.18673136830329895,0.9076923076923077
29,27,29,8.985384941101074,0.0
29,45,51,0.5410975813865662,0.6470588235294118
29,37,45,0.46469584107398987,0.6444444444444445
29,40,47,0.4300016760826111,0.6382978723404256
29,50,48,0.39598700404167175,0.6458333333333334
29,60,52,0.5761985182762146,0.5576923076923077
29,61,49,0.433559387922287,0.6530612244897959
29,70,49,0.42353227734565735,0.6122448979591837
29,80,36,0.387683242559433,0.7777777777777778
29,90,33,0.5851280689239502,0.696969696969697
29,93,24,0.34596794843673706,0.8333333333333334
26,24,59,0.39254051446914673,0.576271186440678
26,28,38,11.752386093139648,0.0
26,30,29,8.530739784240723,0.0
26,27,79,0.5984017848968506,0.5443037974683544
26,34,22,12.511845588684082,0.0
26,42,31,11.597367286682129,0.03225806451612903
26,58,25,18.477436065673828,0.0
24,28,25,22.210405349731445,0.0
24,40,23,32.49373245239258,0.0
28,30,72,0.14636260271072388,0.9444444444444444
28,32,66,0.2791149914264679,0.696969696969697
28,27,31,8.739453315734863,0.0
28,40,47,0.38393470644950867,0.6808510638297872
28,36,65,0.478715181350708,0.6307692307692307
28,44,63,0.8654350638389587,0.5396825396825397
28,50,63,0.5319932699203491,0.5714285714285714
28,60,57,1.171271562576294,0.47368421052631576
28,70,61,0.8487843871116638,0.5245901639344263
28,80,37,0.30530673265457153,0.7837837837837838
28,92,30,0.43674105405807495,0.8333333333333334
30,32,64,0.3477522134780884,0.703125
30,33,61,0.309069961309433,0.6229508196721312
30,31,76,0.2449202537536621,0.8947368421052632
30,34,58,0.4620548486709595,0.603448275862069
30,35,59,0.49178555607795715,0.5932203389830508
30,45,52,0.3556855320930481,0.6346153846153846
30,38,51,0.8970643877983093,0.5686274509803921
30,37,55,0.6081493496894836,0.5454545454545454
30,40,50,0.3982197344303131,0.6
30,39,62,0.458193838596344,0.5967741935483871
30,41,61,0.38814684748649597,0.6065573770491803
30,43,51,0.7326568365097046,0.5294117647058824
30,36,60,0.3130428194999695,0.7
30,42,59,0.45505931973457336,0.559322033898305
30,48,53,0.39755359292030334,0.5660377358490566
30,46,56,0.7200652360916138,0.5535714285714286
30,47,51,0.2658807039260864,0.6666666666666666
30,44,58,0.4146054983139038,0.6206896551724138
30,50,57,0.46083685755729675,0.5964912280701754
30,51,55,0.39790961146354675,0.5636363636363636
30,49,58,0.7027153372764587,0.5344827586206896
30,53,62,0.8201305866241455,0.5645161290322581
30,52,61,1.1475210189819336,0.47540983606557374
30,54,61,0.7033606171607971,0.5573770491803278
30,55,53,0.5277378559112549,0.5660377358490566
30,56,54,0.3662790358066559,0.6296296296296297
30,57,59,0.5458757281303406,0.576271186440678
30,59,56,0.48816782236099243,0.5714285714285714
30,58,57,0.3948330283164978,0.5789473684210527
30,60,58,0.6448966860771179,0.5344827586206896
30,63,55,0.8806058168411255,0.5636363636363636
30,62,54,0.38523781299591064,0.5740740740740741
30,61,57,0.9276531338691711,0.5087719298245614
30,65,52,0.4090351462364197,0.5961538461538461
30,64,57,0.36353224515914917,0.5964912280701754
30,67,59,0.4969522953033447,0.559322033898305
30,68,57,0.5456748008728027,0.5614035087719298
30,66,53,0.3796624541282654,0.660377358490566
30,69,58,0.4496127963066101,0.603448275862069
30,71,55,0.3001555800437927,0.6181818181818182
30,70,62,0.4307175278663635,0.5806451612903226
30,72,56,0.39322352409362793,0.6428571428571429
30,74,53,0.4798522889614105,0.6415094339622641
30,73,64,0.46412932872772217,0.5625
30,75,53,0.6918748617172241,0.5660377358490566
30,77,53,0.469606876373291,0.5283018867924528
30,78,49,0.6791732907295227,0.5714285714285714
30,94,22,0.4166572093963623,0.7727272727272727
32,33,61,0.20163065195083618,0.6721311475409836
32,31,64,0.3436431288719177,0.734375
32,34,57,0.17751359939575195,0.6666666666666666
32,40,65,0.4670303761959076,0.6153846153846154
32,36,57,0.2646283209323883,0.6491228070175439
32,48,66,0.7409063577651978,0.5151515151515151
32,50,66,0.47354328632354736,0.5909090909090909
32,60,58,0.480410635471344,0.5862068965517241
32,64,57,0.30135083198547363,0.6140350877192983
32,70,56,0.43960416316986084,0.625
32,96,24,0.5811023712158203,0.5833333333333334
33,31,62,0.23072369396686554,0.6612903225806451
33,34,58,0.17154914140701294,0.7586206896551724
33,35,63,0.17816199362277985,0.9047619047619048
33,37,59,0.6485419869422913,0.559322033898305
33,40,53,0.3421095311641693,0.5849056603773585
33,41,64,0.5456225872039795,0.625
33,50,55,0.38243740797042847,0.6181818181818182
33,49,57,0.6428360342979431,0.5087719298245614
33,60,57,0.816087007522583,0.5087719298245614
33,65,56,0.6776404976844788,0.5357142857142857
33,70,52,0.4634571969509125,0.5769230769230769
33,80,38,0.3240034580230713,0.7105263157894737
31,27,28,9.59754467010498,0.0
31,35,59,0.4388732314109802,0.5932203389830508
31,40,56,0.5558390617370605,0.5535714285714286
31,39,69,0.9851348996162415,0.5072463768115942
31,47,57,0.7232804894447327,0.6140350877192983
31,50,57,0.4504927396774292,0.5614035087719298
31,60,56,0.853705644607544,0.5178571428571429
31,63,52,0.7090460062026978,0.6153846153846154
31,70,61,0.6847531795501709,0.5901639344262295
31,80,50,0.6430870294570923,0.58
31,95,23,0.48401013016700745,0.6956521739130435
27,35,33,8.840617179870605,0.0
27,43,22,16.319541931152344,0.0
27,59,32,17.927766799926758,0.0
34,35,61,0.2395041584968567,0.7377049180327869
34,38,52,0.37494081258773804,0.6730769230769231
34,40,62,0.32002297043800354,0.6290322580645161
34,36,57,0.39259636402130127,0.6491228070175439
34,42,59,0.9662697315216064,0.5084745762711864
34,50,53,0.2808557450771332,0.6226415094339622
34,60,61,1.4325708150863647,0.4426229508196721
34,66,59,0.5754072666168213,0.5423728813559322
34,70,52,0.44321221113204956,0.5384615384615384
34,98,19,0.39050331711769104,0.8421052631578947
35,37,59,0.39876464009284973,0.6610169491525424
35,40,52,0.3220277428627014,0.6538461538461539
35,39,72,0.47715428471565247,0.6805555555555556
35,43,59,0.639026403427124,0.5423728813559322
35,36,56,0.3130302131175995,0.6964285714285714
35,50,59,0.5114797949790955,0.576271186440678
35,51,56,0.7107226252555847,0.6071428571428571
35,60,51,0.5851753950119019,0.5490196078431373
35,67,58,1.1473612785339355,0.5
35,70,53,0.6284404397010803,0.5283018867924528
35,80,41,0.3868511915206909,0.7317073170731707
35,99,25,0.3986232578754425,0.64
45,37,57,0.34118130803108215,0.5263157894736842
45,40,61,0.251154363155365,0.7377049180327869
45,41,56,0.35656994581222534,0.6428571428571429
45,43,67,0.20750656723976135,0.8656716417910447
45,46,64,0.15890862047672272,0.9375
45,47,63,0.17008830606937408,0.9523809523809523
45,44,77,0.24603283405303955,0.922077922077922
45,50,64,0.17686747014522552,0.90625
45,49,66,0.1511116474866867,0.9393939393939394
45,53,58,0.16277971863746643,0.9137931034482759
45,60,67,0.20788797736167908,0.9104477611940298
45,61,61,0.14588584005832672,0.9672131147540983
45,70,67,0.23627226054668427,0.8955223880597015
45,77,56,0.5417458415031433,0.5535714285714286
45,80,40,0.3450368642807007,0.825
45,90,39,0.32302963733673096,0.7435897435897436
38,37,63,0.3089209496974945,0.8888888888888888
38,40,53,0.2718202471733093,0.6037735849056604
38,39,68,0.45678186416625977,0.5588235294117647
38,36,57,0.8643573522567749,0.543859649122807
38,42,52,0.7623356580734253,0.5384615384615384
38,46,54,0.9580098390579224,0.5370370370370371
38,50,54,0.39328423142433167,0.6666666666666666
38,54,50,0.6797256469726562,0.58
38,60,50,0.5316275358200073,0.56
38,70,53,0.5312480330467224,0.6037735849056604
38,90,31,0.32267674803733826,0.8064516129032258
38,100,23,0.6490044593811035,0.5652173913043478
37,40,60,0.33190667629241943,0.6166666666666667
37,39,68,0.3443288207054138,0.6323529411764706
37,41,70,1.1897876262664795,0.4857142857142857
37,36,60,0.30413156747817993,0.6166666666666667
37,50,58,0.38268738985061646,0.5689655172413793
37,53,72,2.102534770965576,0.4583333333333333
37,60,55,0.824921727180481,0.509090909090909
37,69,57,0.3341657817363739,0.5789473684210527
37,70,63,1.0146883726119995,0.49206349206349204
37,80,36,0.28849881887435913,0.8055555555555556
37,90,31,0.3187374472618103,0.7741935483870968
40,39,73,0.36392173171043396,0.6575342465753424
40,41,66,0.3537733554840088,0.7121212121212122
40,43,60,0.432324081659317,0.6833333333333333
40,36,58,0.31961721181869507,0.6206896551724138
40,42,56,0.5001598596572876,0.7678571428571429
40,48,64,0.22197780013084412,0.71875
40,46,58,0.19878323376178741,0.7413793103448276
40,47,61,0.2503111660480499,0.6721311475409836
40,44,65,0.3457013964653015,0.6923076923076923
40,50,54,0.2000846564769745,0.8333333333333334
40,51,63,0.3809235990047455,0.7619047619047619
40,49,63,0.35831230878829956,0.6507936507936508
40,53,58,0.32345205545425415,0.7068965517241379
40,52,59,0.21459078788757324,0.7627118644067796
40,54,60,0.35894185304641724,0.7166666666666667
40,55,54,0.14829814434051514,0.7777777777777778
40,56,61,0.2753507196903229,0.7377049180327869
40,57,61,0.31379175186157227,0.6885245901639344
40,59,59,0.3783455789089203,0.7796610169491526
40,58,58,0.29597747325897217,0.6551724137931034
40,60,56,0.27713972330093384,0.7142857142857143
40,63,59,0.2992207109928131,0.6610169491525424
40,62,57,0.34577685594558716,0.6842105263157895
40,61,52,0.29850131273269653,0.7692307692307693
40,65,61,0.2488221973180771,0.6721311475409836
40,64,56,0.21481966972351074,0.6785714285714286
40,67,59,0.2777109444141388,0.6949152542372882
40,68,62,0.2601988613605499,0.6935483870967742
40,66,63,0.2747114300727844,0.6666666666666666
40,69,62,0.2764216363430023,0.6935483870967742
40,71,65,0.2910202443599701,0.6923076923076923
40,70,57,0.2520520091056824,0.7017543859649122
40,72,61,0.31564438343048096,0.7540983606557377
40,74,48,0.23248767852783203,0.5625
40,73,62,0.4015316963195801,0.6451612903225806
40,75,38,0.24263115227222443,0.7368421052631579
40,76,41,0.48881661891937256,0.6829268292682927
40,78,51,0.31087619066238403,0.6078431372549019
40,80,36,0.2733979821205139,0.7777777777777778
40,104,18,0.30896222591400146,0.7222222222222222
39,41,73,0.8266872763633728,0.547945205479452
39,43,67,0.5648531913757324,0.5373134328358209
39,47,64,0.49274519085884094,0.5625
39,50,67,0.22678855061531067,0.6417910447761194
39,55,61,0.3832657039165497,0.5901639344262295
39,60,67,1.0158140659332275,0.4925373134328358
39,71,73,0.7791283130645752,0.547945205479452
39,70,63,0.41634607315063477,0.5873015873015873
39,80,45,0.3513442873954773,0.7777777777777778
39,90,38,0.3269399106502533,0.7894736842105263
41,43,63,0.31555965542793274,0.8253968253968254
41,42,67,0.19533567130565643,0.9552238805970149
41,50,65,0.4355124235153198,0.6307692307692307
41,49,66,0.5738052129745483,0.5303030303030303
41,57,67,0.5037646293640137,0.5671641791044776
41,60,73,1.19823157787323,0.4520547945205479
41,70,65,0.3514057397842407,0.5692307692307692
41,73,67,0.6207842230796814,0.6567164179104478
41,80,36,0.3592495322227478,0.8333333333333334
41,90,35,0.40541574358940125,0.7142857142857143
43,42,68,0.19693666696548462,0.9117647058823529
43,47,66,0.2761215567588806,0.7272727272727273
43,44,72,0.2493615746498108,0.8888888888888888
43,50,66,0.2411891222000122,0.696969696969697
43,51,71,0.24364280700683594,0.7887323943661971
43,59,63,0.37061572074890137,0.6666666666666666
43,60,64,0.46243101358413696,0.640625
43,70,64,0.2972012758255005,0.796875
43,75,46,0.6430882215499878,0.6086956521739131
36,44,63,0.45452582836151123,0.5079365079365079
36,50,54,0.22957488894462585,0.6111111111111112
36,52,55,0.6615266799926758,0.509090909090909
36,60,56,0.6214498281478882,0.5357142857142857
36,68,54,0.2582116723060608,0.5740740740740741
36,70,52,0.2698010504245758,0.5576923076923077
36,90,31,0.23269350826740265,0.8064516129032258
42,46,61,0.8041583299636841,0.6065573770491803
42,44,68,0.4391443729400635,0.7941176470588235
42,50,67,0.6445776224136353,0.5373134328358209
42,58,66,0.8291886448860168,0.5606060606060606
42,60,66,0.8422995209693909,0.5303030303030303
42,70,64,0.5932472944259644,0.59375
42,74,53,1.0339136123657227,0.49056603773584906
42,80,37,0.3362424671649933,0.7837837837837838
48,46,71,0.14255014061927795,0.9436619718309859
48,47,73,0.12053165584802628,0.9452054794520548
48,44,73,0.3573346734046936,0.863013698630137
48,50,75,0.13187167048454285,0.92
48,49,79,0.18415963649749756,0.9620253164556962
48,52,75,0.22410470247268677,0.8933333333333333
48,56,75,0.14922615885734558,0.9333333333333333
48,60,80,0.20820926129817963,0.95
48,64,71,0.1504681557416916,0.971830985915493
48,70,74,0.15597496926784515,0.8918918918918919
48,80,42,0.29374611377716064,0.8333333333333334
48,90,38,0.2865027189254761,0.7631578947368421
46,47,65,0.18547004461288452,0.9538461538461539
46,44,71,0.2468661665916443,0.8169014084507042
46,50,65,0.09833061695098877,0.9538461538461539
46,54,67,0.20348067581653595,0.9104477611940298
46,60,69,0.12908673286437988,0.9710144927536232
46,62,63,0.1487663835287094,0.9365079365079365
46,70,65,0.1701488345861435,0.9692307692307692
46,78,48,0.2960317134857178,0.8541666666666666
46,80,44,0.3539409339427948,0.7954545454545454
47,50,66,0.19197145104408264,0.9242424242424242
47,51,72,0.16870439052581787,0.9166666666666666
47,49,69,0.19927722215652466,0.9130434782608695
47,55,63,0.11687147617340088,0.9682539682539683
47,60,71,0.20893032848834991,0.9014084507042254
47,63,64,0.16998037695884705,0.921875
47,70,67,0.15203018486499786,0.8805970149253731
47,79,47,0.46043503284454346,0.5957446808510638
47,80,40,0.31594812870025635,0.8
44,50,69,0.2863462567329407,0.8115942028985508
44,52,74,0.2959727644920349,0.8243243243243243
44,60,78,0.26213812828063965,0.7564102564102564
44,70,75,0.35290756821632385,0.8533333333333334
44,76,49,0.4288596212863922,0.6122448979591837
44,90,37,0.449149489402771,0.8108108108108109
44,100,21,0.5855695009231567,0.7619047619047619
50,51,85,0.14914318919181824,0.9176470588235294
50,49,72,0.17530326545238495,0.9722222222222222
50,53,72,0.1488661766052246,0.9583333333333334
50,52,76,0.20532599091529846,0.9078947368421053
50,54,75,0.19095931947231293,0.92
50,55,71,0.13001924753189087,0.971830985915493
50,56,79,0.13005173206329346,0.8860759493670886
50,57,71,0.10675237327814102,0.9154929577464789
50,59,74,0.14854644238948822,0.8648648648648649
50,58,69,0.13381816446781158,0.9420289855072463
50,60,79,0.18342117965221405,0.9113924050632911
50,63,71,0.12251719832420349,0.9436619718309859
50,62,75,0.13661232590675354,0.9333333333333333
50,61,74,0.144247367978096,0.9324324324324325
50,65,77,0.12915995717048645,0.935064935064935
50,64,69,0.1370081752538681,0.855072463768116
50,67,77,0.17792437970638275,0.922077922077922
50,68,75,0.18462952971458435,0.9066666666666666
50,66,73,0.15792346000671387,0.9452054794520548
50,69,74,0.14651554822921753,0.9324324324324325
50,71,77,0.2261350452899933,0.8701298701298701
50,70,74,0.16945776343345642,0.9054054054054054
50,72,75,0.2944805920124054,0.8133333333333334
50,73,67,0.26747557520866394,0.7014925373134329
50,75,49,0.24999094009399414,0.7346938775510204
50,76,45,0.2712228298187256,0.8666666666666667
50,78,52,0.3325214385986328,0.8461538461538461
50,80,52,0.4083629250526428,0.8461538461538461
50,83,48,0.2773488163948059,0.8333333333333334
50,82,50,0.33910655975341797,0.84
50,90,40,0.3660297393798828,0.8
50,100,20,0.4724498987197876,0.75
51,49,79,0.1591397374868393,0.9113924050632911
51,53,72,0.16822081804275513,0.9444444444444444
51,52,77,0.16525156795978546,0.974025974025974
51,55,71,0.1654559224843979,0.9577464788732394
51,59,69,0.16780389845371246,0.9130434782608695
51,60,81,0.15525272488594055,0.9135802469135802
51,67,78,0.1384461522102356,0.9615384615384616
51,70,73,0.18965861201286316,0.958904109589041
51,80,48,0.36734122037887573,0.8333333333333334
51,83,42,0.20537865161895752,0.8333333333333334
51,90,42,0.35014575719833374,0.6666666666666666
49,53,76,0.13113152980804443,0.9078947368421053
49,57,71,0.16694867610931396,0.971830985915493
49,60,79,0.20775550603866577,0.9746835443037974
49,65,75,0.17934393882751465,0.9466666666666667
49,70,74,0.15465512871742249,0.9594594594594594
49,80,41,0.3128996193408966,0.7804878048780488
49,81,37,0.37273553013801575,0.7837837837837838
49,90,36,0.25601285696029663,0.8333333333333334
53,52,74,0.16784773766994476,0.9324324324324325
53,54,67,0.24434861540794373,0.8805970149253731
53,55,66,0.11653731763362885,0.9545454545454546
53,57,65,0.10866940766572952,0.9230769230769231
53,60,73,0.18113647401332855,0.8904109589041096
53,61,70,0.16452744603157043,0.9142857142857143
53,69,71,0.13179455697536469,0.8591549295774648
53,70,73,0.14713072776794434,0.9178082191780822
53,80,44,0.30227500200271606,0.7954545454545454
53,85,41,0.3465119004249573,0.7560975609756098
53,90,36,0.30002737045288086,0.75
52,54,79,0.21459488570690155,0.8987341772151899
52,56,74,0.18738718330860138,0.9054054054054054
52,60,78,0.1831243336200714,0.9230769230769231
52,68,76,0.14803048968315125,0.8947368421052632
52,70,73,0.17702777683734894,0.863013698630137
52,80,41,0.31744781136512756,0.7560975609756098
52,84,38,0.4408144950866699,0.7368421052631579
54,55,73,0.1691826432943344,0.9315068493150684
54,56,81,0.1514558047056198,0.8888888888888888
54,58,71,0.13351979851722717,0.9154929577464789
54,60,75,0.14887787401676178,0.92
54,62,69,0.15177257359027863,0.9130434782608695
54,70,75,0.23607264459133148,0.88
54,80,43,0.33238518238067627,0.7906976744186046
54,86,37,0.36001482605934143,0.8378378378378378
54,90,38,0.37130334973335266,0.631578947368421
55,56,78,0.1257191300392151,0.9358974358974359
55,57,71,0.1398390829563141,0.971830985915493
55,59,65,0.13883063197135925,0.9692307692307692
55,60,69,0.1264265775680542,0.9420289855072463
55,63,66,0.11122584342956543,0.9696969696969697
55,71,69,0.12959527969360352,0.927536231884058
55,70,71,0.10751374065876007,0.971830985915493
55,80,45,0.3107578158378601,0.7777777777777778
55,87,40,0.5029307007789612,0.775
55,90,34,0.29981762170791626,0.7647058823529411
56,57,80,0.16881084442138672,0.95
56,58,79,0.18864496052265167,0.9493670886075949
56,60,82,0.1659056842327118,0.9390243902439024
56,64,74,0.18861356377601624,0.9324324324324325
56,70,83,0.2016366869211197,0.9397590361445783
56,72,80,0.3427715003490448,0.7875
56,88,39,0.42807966470718384,0.8205128205128205
57,59,68,0.1541653275489807,0.9264705882352942
57,58,74,0.0925859659910202,0.9459459459459459
57,60,76,0.1174287348985672,0.9605263157894737
57,61,70,0.12471617013216019,1.0
57,65,76,0.12475931644439697,1.0
57,70,73,0.19230425357818604,0.9041095890410958
57,73,68,0.40855342149734497,0.6617647058823529
57,80,44,0.3647582530975342,0.8409090909090909
57,89,34,0.4106658697128296,0.8235294117647058
57,90,38,0.3096775710582733,0.7105263157894737
59,58,67,0.18310461938381195,0.9402985074626866
59,60,79,0.18706557154655457,0.8734177215189873
59,63,67,0.1565639078617096,0.9253731343283582
59,61,64,0.1406053602695465,0.984375
59,67,77,0.13672462105751038,0.922077922077922
59,70,74,0.13587477803230286,1.0
59,75,56,0.7559287548065186,0.5357142857142857
59,91,32,0.4227977395057678,0.6875
58,60,72,0.13151971995830536,0.9722222222222222
58,62,73,0.16088572144508362,0.9452054794520548
58,66,69,0.10971137881278992,0.9710144927536232
58,70,70,0.12453755736351013,0.9428571428571428
58,74,54,0.25952285528182983,0.6296296296296297
58,80,42,0.2683205306529999,0.8095238095238095
58,90,32,0.3006563186645508,0.8125
60,63,74,0.16393786668777466,0.9324324324324325
60,62,75,0.17272399365901947,0.9333333333333333
60,61,77,0.22272366285324097,0.974025974025974
60,65,82,0.16516509652137756,0.9634146341463414
60,64,74,0.1523515284061432,0.972972972972973
60,67,81,0.16968856751918793,0.9629629629629629
60,68,76,0.11480797827243805,0.9210526315789473
60,66,76,0.14923790097236633,0.9736842105263158
60,69,77,0.15838293731212616,0.9090909090909091
60,71,81,0.16898970305919647,0.9382716049382716
60,70,78,0.21416175365447998,0.9487179487179487
60,72,74,0.4028503894805908,0.8378378378378378
60,74,58,0.4244466722011566,0.603448275862069
60,73,61,0.33120763301849365,0.6557377049180327
60,75,50,0.7209144830703735,0.54
60,76,42,0.2741510272026062,0.7619047619047619
60,80,45,0.34661802649497986,0.8444444444444444
60,83,43,0.35224297642707825,0.7906976744186046
60,90,42,0.4782005548477173,0.6666666666666666
60,92,38,0.45339617133140564,0.6842105263157895
63,62,71,0.18327073752880096,0.9295774647887324
63,61,72,0.14302882552146912,0.9027777777777778
63,65,75,0.15166941285133362,0.9066666666666666
63,64,65,0.13027705252170563,0.9846153846153847
63,67,71,0.12053746730089188,0.9436619718309859
63,71,75,0.14649538695812225,0.96
63,70,75,0.1512959748506546,0.92
63,79,41,0.25173941254615784,0.8292682926829268
63,80,41,0.3240688145160675,0.8292682926829268
63,95,23,0.4306679666042328,0.7391304347826086
62,61,69,0.18031461536884308,0.9710144927536232
62,64,64,0.1299581676721573,0.90625
62,66,68,0.18787646293640137,0.9117647058823529
62,70,72,0.1476781666278839,0.875
62,78,58,0.48438823223114014,0.6379310344827587
62,90,35,0.2984997630119324,0.7714285714285715
62,94,27,0.4557708203792572,0.6666666666666666
61,65,76,0.16371215879917145,0.9605263157894737
61,69,71,0.15455594658851624,0.9577464788732394
61,70,74,0.1645897626876831,0.9324324324324325
61,77,41,0.3692457377910614,0.8536585365853658
61,90,37,0.26227688789367676,0.7567567567567568
61,93,26,0.35108837485313416,0.8076923076923077
65,64,70,0.1212325468659401,0.9142857142857143
65,67,82,0.1277187317609787,0.9512195121951219
65,66,78,0.11897917091846466,0.9358974358974359
65,69,77,0.1634477823972702,0.935064935064935
65,70,73,0.12479008734226227,0.9452054794520548
65,73,67,0.2806941866874695,0.6119402985074627
65,80,43,0.3346748650074005,0.8372093023255814
65,81,40,0.3221515417098999,0.85
65,90,38,0.3080752193927765,0.7631578947368421
65,97,20,0.3183169364929199,0.7
64,68,67,0.12728899717330933,0.9104477611940298
64,66,76,0.1170724630355835,0.9342105263157895
64,70,71,0.1312534511089325,0.9436619718309859
64,72,62,0.1999523788690567,0.8709677419354839
64,80,44,0.2736300826072693,0.8181818181818182
64,90,39,0.38088515400886536,0.7435897435897436
64,96,24,0.3800342082977295,0.7916666666666666
67,68,73,0.12479284405708313,0.9452054794520548
67,66,76,0.12656384706497192,0.9473684210526315
67,69,76,0.11602649092674255,0.9210526315789473
67,71,80,0.16588318347930908,0.8625
67,70,78,0.15497764945030212,0.9743589743589743
67,75,53,0.6016311645507812,0.5471698113207547
67,83,37,0.2849622368812561,0.7837837837837838
67,99,22,0.4643835127353668,0.7727272727272727
68,66,75,0.19144055247306824,0.92
68,69,77,0.16193097829818726,0.9090909090909091
68,70,75,0.1552753448486328,0.9333333333333333
68,72,72,0.2538953423500061,0.8472222222222222
68,76,44,0.2821332812309265,0.7727272727272727
68,84,38,0.382870614528656,0.8157894736842105
68,100,20,0.559253454208374,0.8
66,70,75,0.16349555552005768,0.9466666666666667
66,74,58,0.502191424369812,0.603448275862069
66,80,42,0.33802950382232666,0.8571428571428571
66,82,46,0.31807705760002136,0.7608695652173914
66,90,39,0.41255784034729004,0.717948717948718
66,98,24,0.4049757122993469,0.7083333333333334
66,100,19,0.465749591588974,0.7894736842105263
69,71,82,0.12027336657047272,0.9146341463414634
69,70,76,0.1789102852344513,0.8947368421052632
69,73,69,0.24283769726753235,0.6811594202898551
69,77,45,0.34470877051353455,0.8444444444444444
69,80,48,0.3155493140220642,0.8541666666666666
69,85,37,0.33380326628685,0.8918918918918919
69,90,35,0.293040931224823,0.8571428571428571
69,101,23,0.671010434627533,0.6956521739130435
71,70,76,0.16248507797718048,0.9473684210526315
71,72,76,0.27102458477020264,0.8947368421052632
71,73,74,0.400611937046051,0.6081081081081081
71,75,46,0.29231369495391846,0.6521739130434783
71,79,38,0.30403655767440796,0.868421052631579
71,80,43,0.38819870352745056,0.7906976744186046
71,87,42,0.4517868459224701,0.7380952380952381
71,90,43,0.45183202624320984,0.6511627906976745
70,72,74,0.2185060679912567,0.8378378378378378
70,74,61,0.19821883738040924,0.639344262295082
70,73,69,0.5260522365570068,0.6231884057971014
70,75,52,0.3308108150959015,0.6730769230769231
70,76,42,0.2188643217086792,0.8571428571428571
70,78,46,0.3249094486236572,0.7608695652173914
70,80,44,0.29466304183006287,0.8409090909090909
70,86,42,0.3921573758125305,0.8095238095238095
70,90,38,0.2672315835952759,0.7894736842105263
72,74,59,0.42740169167518616,0.5932203389830508
72,73,77,0.4121059477329254,0.5974025974025974
72,76,57,0.3025301694869995,0.7017543859649122
72,80,49,0.31438785791397095,0.8775510204081632
72,88,37,0.246294766664505,0.8918918918918919
72,90,42,0.395179808139801,0.6904761904761905
74,73,70,0.552780270576477,0.5714285714285714
74,75,63,0.30314335227012634,0.6031746031746031
74,76,48,0.17518243193626404,0.7083333333333334
74,78,41,0.16208064556121826,0.8780487804878049
74,80,41,0.16606231033802032,0.9024390243902439
74,82,43,0.2248307466506958,0.8604651162790697
74,90,32,0.21493694186210632,0.8125
74,100,19,0.527631402015686,0.7894736842105263
73,75,62,0.3737897276878357,0.6129032258064516
73,77,66,0.6007788777351379,0.5454545454545454
73,80,49,0.2387828826904297,0.8571428571428571
73,81,46,0.25739163160324097,0.8260869565217391
73,89,37,0.3280103802680969,0.7567567567567568
75,77,62,0.326537549495697,0.5967741935483871
75,76,73,0.8969181776046753,0.5342465753424658
75,79,55,0.38604557514190674,0.5454545454545454
75,80,46,0.25807711482048035,0.7391304347826086
75,83,51,0.3830304741859436,0.5882352941176471
75,90,34,0.22320370376110077,0.6764705882352942
75,91,25,0.21709415316581726,0.84
77,76,69,0.4432506263256073,0.6376811594202898
77,78,88,0.277194619178772,0.6022727272727273
77,79,65,0.27424848079681396,0.6615384615384615
77,80,76,0.34397685527801514,0.6842105263157895
77,81,73,0.3593403697013855,0.6301369863013698
77,85,62,0.35907310247421265,0.5967741935483871
77,90,50,0.3756222724914551,0.56
77,93,33,0.2318916916847229,0.7878787878787878
77,100,21,0.5106245279312134,0.8571428571428571
76,78,63,0.42697879672050476,0.6507936507936508
76,80,48,0.17252609133720398,0.8541666666666666
76,84,38,0.1927640289068222,0.868421052631579
76,90,41,0.44643598794937134,0.6341463414634146
76,92,31,0.3368178904056549,0.7419354838709677
76,100,17,0.5143241882324219,0.7647058823529411
78,79,80,0.32521480321884155,0.65
78,80,74,0.23575779795646667,0.7162162162162162
78,82,57,0.16255003213882446,0.8947368421052632
78,86,65,0.3674629032611847,0.6923076923076923
78,90,39,0.2185661643743515,0.7435897435897436
78,94,40,0.2635302245616913,0.85
79,80,67,0.21120209991931915,0.7164179104477612
79,83,62,0.2120978832244873,0.7258064516129032
79,81,64,0.15429723262786865,0.71875
79,87,46,0.22731122374534607,0.9130434782608695
79,90,40,0.17610415816307068,0.825
79,95,27,0.42985406517982483,0.8518518518518519
80,83,71,0.28691959381103516,0.6901408450704225
80,82,82,0.22844982147216797,0.7073170731707317
80,81,77,0.21911165118217468,0.7402597402597403
80,85,59,0.17074276506900787,0.8135593220338984
80,84,59,0.24740168452262878,0.8305084745762712
80,86,61,0.14024101197719574,0.8524590163934426
80,87,55,0.1688990294933319,0.8727272727272727
80,89,44,0.16712686419487,0.7954545454545454
80,88,48,0.1259760856628418,0.8958333333333334
80,90,43,0.22506578266620636,0.7674418604651163
80,96,25,0.25642406940460205,0.88
80,110,25,0.6707048416137695,0.6
80,130,22,1.3223683834075928,0.45454545454545453
83,82,74,0.16184476017951965,0.7702702702702703
83,81,72,0.23916518688201904,0.6944444444444444
83,85,79,0.3155963718891144,0.6329113924050633
83,84,79,0.211561381816864,0.7088607594936709
83,87,62,0.22843044996261597,0.7096774193548387
83,90,44,0.23963633179664612,0.8409090909090909
83,91,43,0.30048519372940063,0.6976744186046512
83,99,31,0.3219718635082245,0.8709677419354839
82,81,81,0.1865396499633789,0.7160493827160493
82,84,63,0.26494839787483215,0.8571428571428571
82,86,60,0.17086805403232574,0.85
82,90,42,0.23191726207733154,0.8095238095238095
82,98,30,0.3962840139865875,0.7666666666666667
81,85,66,0.27831536531448364,0.6818181818181818
81,89,48,0.1259286105632782,0.7083333333333334
81,90,51,0.396851122379303,0.5882352941176471
81,97,27,0.27706360816955566,0.7777777777777778
85,84,86,0.26643529534339905,0.7209302325581395
85,86,85,0.23692724108695984,0.6941176470588235
85,87,67,0.21932470798492432,0.746268656716418
85,89,59,0.3244180381298065,0.5932203389830508
85,90,44,0.27596327662467957,0.8181818181818182
85,93,35,0.23481494188308716,0.8857142857142857
85,101,28,0.42565587162971497,0.8214285714285714
84,86,78,0.3628806471824646,0.6410256410256411
84,88,61,0.2981458008289337,0.7049180327868853
84,90,45,0.29647621512413025,0.8222222222222222
84,92,43,0.2963687479496002,0.7674418604651163
84,100,27,0.3940281867980957,0.9259259259259259
86,87,91,0.2707744240760803,0.6703296703296703
86,88,64,0.19546449184417725,0.78125
86,90,51,0.37306004762649536,0.6862745098039216
86,94,41,0.2545163631439209,0.8048780487804879
86,102,26,0.4190097153186798,0.9230769230769231
87,89,56,0.29522448778152466,0.7321428571428571
87,88,65,0.28952234983444214,0.7384615384615385
87,90,46,0.3466671109199524,0.8043478260869565
87,91,51,0.4163316786289215,0.6862745098039216
87,95,35,0.2946811318397522,0.6857142857142857
87,103,21,0.23991286754608154,0.7142857142857143
87,160,23,0.7392880320549011,0.5652173913043478
89,88,69,0.2543031871318817,0.7246376811594203
89,90,63,0.6371432542800903,0.6349206349206349
89,93,40,0.20444020628929138,0.775
89,91,70,1.3426624536514282,0.4857142857142857
89,97,35,0.373141348361969,0.8285714285714286
89,105,26,0.33337175846099854,0.8461538461538461
88,90,65,0.6047072410583496,0.6
88,92,62,0.6119831800460815,0.6129032258064516
88,96,32,0.14895960688591003,0.90625
88,104,23,0.267630398273468,0.8695652173913043
90,93,52,0.23647382855415344,0.5576923076923077
90,91,82,0.7566298246383667,0.5121951219512195
90,92,86,0.8466687202453613,0.5116279069767442
90,94,51,0.340573251247406,0.6274509803921569
90,95,38,0.302171528339386,0.6578947368421053
90,98,30,0.3624167740345001,0.8666666666666667
90,99,35,0.45261120796203613,0.6857142857142857
90,106,27,0.5397873520851135,0.7037037037037037
90,110,26,0.3567312955856323,0.8076923076923077
90,154,23,0.34200870990753174,0.7391304347826086
93,91,72,1.0876569747924805,0.4444444444444444
93,92,91,1.0701757669448853,0.4725274725274725
93,94,82,0.8626482486724854,0.524390243902439
93,95,65,0.4778711199760437,0.5692307692307692
93,97,48,0.3796789050102234,0.5625
93,100,31,0.35454025864601135,0.7741935483870968
93,101,50,1.0003504753112793,0.5
93,109,25,0.5451465249061584,0.72
93,125,20,0.4616609513759613,0.65
93,157,28,0.6652740240097046,0.6428571428571429
91,92,99,0.7425708770751953,0.5555555555555556
91,95,48,0.48606032133102417,0.5416666666666666
91,99,32,0.26163583993911743,0.90625
91,100,31,0.2577575147151947,0.9354838709677419
91,107,27,0.44468823075294495,0.7407407407407407
91,110,27,0.4271867275238037,0.8148148148148148
91,155,23,0.8812483549118042,0.6956521739130435
92,94,77,0.3822196424007416,0.5714285714285714
92,96,46,0.17528468370437622,0.8043478260869565
92,100,31,0.32277336716651917,0.8709677419354839
92,108,29,0.39390239119529724,0.6896551724137931
94,95,86,2.3144633769989014,0.3953488372093023
94,96,82,1.1982555389404297,0.4878048780487805
94,98,55,0.27652448415756226,0.6363636363636364
94,100,58,0.7128168940544128,0.5344827586206896
94,102,49,1.5437747240066528,0.4489795918367347
94,110,25,0.4240138530731201,0.68
94,126,22,0.9280251264572144,0.5454545454545454
94,158,23,0.48463886976242065,0.6521739130434783
95,96,75,0.44508665800094604,0.5866666666666667
95,97,77,2.6825785636901855,0.42857142857142855
95,99,69,2.2200636863708496,0.43478260869565216
95,100,61,2.541273355484009,0.45901639344262296
95,103,39,1.497448205947876,0.38461538461538464
95,110,26,0.4680001735687256,0.6153846153846154
95,111,26,0.6795787811279297,0.5384615384615384
95,160,24,1.0101420879364014,0.5
95,159,25,0.9679294228553772,0.52
96,97,78,4.2715959548950195,0.3076923076923077
96,98,90,3.0463767051696777,0.4222222222222222
96,100,64,1.7518483400344849,0.46875
96,104,36,0.8851914405822754,0.5277777777777778
96,112,20,0.849150538444519,0.5
96,110,26,0.37403666973114014,0.7692307692307693
96,128,19,0.7433557510375977,0.5789473684210527
97,98,101,2.408578872680664,0.40594059405940597
97,99,86,6.444366455078125,0.37209302325581395
97,100,75,5.377830982208252,0.4
97,101,57,0.45103952288627625,0.5614035087719298
97,105,38,1.5945038795471191,0.4473684210526316
97,110,24,0.6708358526229858,0.6666666666666666
97,113,22,0.6877583265304565,0.6363636363636364
98,99,78,0.5073755979537964,0.5897435897435898
98,100,86,1.151412010192871,0.4883720930232558
98,102,63,1.4140938520431519,0.47619047619047616
98,106,38,3.7519898414611816,0.39473684210526316
98,110,33,0.8501564860343933,0.5151515151515151
99,100,105,3.71402645111084,0.42857142857142855
99,101,95,5.167535305023193,0.42105263157894735
99,103,51,1.4309500455856323,0.45098039215686275
99,107,43,1.8575129508972168,0.4186046511627907
99,110,30,0.3426496386528015,0.7333333333333333
99,131,20,0.3497283458709717,0.6
100,101,135,2.266181230545044,0.35555555555555557
100,102,112,8.28468132019043,0.30357142857142855
100,103,81,11.529038429260254,0.3333333333333333
100,104,71,12.486247062683105,0.352112676056338
100,105,68,12.428000450134277,0.36764705882352944
100,106,57,4.882835388183594,0.38596491228070173
100,107,61,8.482531547546387,0.3770491803278688
100,108,57,5.965987682342529,0.38596491228070173
100,114,29,8.411734580993652,0.3793103448275862
100,109,61,11.178472518920898,0.3442622950819672
100,110,52,7.2295637130737305,0.36538461538461536
100,111,36,6.348244667053223,0.4166666666666667
100,113,26,3.553201198577881,0.3076923076923077
100,126,27,1.0911667346954346,0.48148148148148145
100,130,23,0.645889937877655,0.6086956521739131
100,131,22,0.5885438323020935,0.7272727272727273
100,132,24,0.777030348777771,0.5416666666666666
101,102,106,5.488710880279541,0.25471698113207547
101,103,92,10.207347869873047,0.29347826086956524
101,105,74,10.33699893951416,0.35135135135135137
101,109,66,10.775968551635742,0.3484848484848485
101,110,49,5.073608875274658,0.40816326530612246
101,117,20,1.2979521751403809,0.4
101,130,26,0.7718127965927124,0.6538461538461539
101,133,22,0.6691685914993286,0.6363636363636364
102,103,114,6.612798690795898,0.12280701754385964
102,104,102,9.048794746398926,0.3333333333333333
102,106,76,10.447301864624023,0.3026315789473684
102,110,67,16.43822479248047,0.373134328358209
102,118,24,0.8221681714057922,0.5416666666666666
103,104,129,4.136727809906006,0.2713178294573643
103,105,116,4.801997661590576,0.25862068965517243
103,107,87,7.833037376403809,0.1839080459770115
103,110,76,12.566650390625,0.32894736842105265
103,111,69,21.23686408996582,0.3188405797101449
104,105,190,1.2886687517166138,0.4105263157894737
104,106,152,3.5471928119659424,0.29605263157894735
104,108,153,3.527519702911377,0.3006535947712418
104,112,77,23.012067794799805,0.24675324675324675
104,110,110,11.36320972442627,0.3181818181818182
104,120,34,1.1517518758773804,0.47058823529411764
105,106,180,2.1702067852020264,0.3111111111111111
105,107,174,2.1585872173309326,0.2988505747126437
105,109,170,3.9098949432373047,0.27058823529411763
105,110,116,10.784095764160156,0.33620689655172414
105,120,37,1.6088935136795044,0.40540540540540543
105,113,70,6.916226387023926,0.35714285714285715
106,107,216,0.07863374799489975,0.9537037037037037
106,108,202,0.23463360965251923,0.9554455445544554
106,114,44,0.5453873872756958,0.5681818181818182
106,110,114,9.753093719482422,0.3684210526315789
106,120,40,1.4657268524169922,0.45
107,108,212,0.19103163480758667,0.9622641509433962
107,109,179,2.679086923599243,0.31843575418994413
107,110,127,9.719657897949219,0.36220472440944884
107,115,49,0.42857834696769714,0.7142857142857143
107,111,108,17.312917709350586,0.3888888888888889
107,120,45,0.7062115669250488,0.5555555555555556
107,123,32,1.0912084579467773,0.5
108,109,178,2.536482334136963,0.3258426966292135
108,112,89,20.142873764038086,0.33707865168539325
108,110,121,9.558794975280762,0.371900826446281
108,116,36,0.32649141550064087,0.7777777777777778
108,120,33,0.47893285751342773,0.7272727272727273
108,124,27,1.092586636543274,0.48148148148148145
114,112,76,2.451115131378174,0.4473684210526316
114,110,74,28.365459442138672,0.40540540540540543
114,115,121,4.028916835784912,0.4049586776859504
114,116,83,1.4436758756637573,0.43373493975903615
114,120,53,1.2189712524414062,0.4339622641509434
114,113,93,9.924555778503418,0.3978494623655914
114,122,40,1.5350093841552734,0.375
114,118,77,2.1227493286132812,0.42857142857142855
114,130,30,17.55616569519043,0.3333333333333333
109,110,142,6.698121070861816,0.323943661971831
109,111,130,14.565067291259766,0.3
109,117,43,0.9023544788360596,0.5116279069767442
109,113,92,10.134376525878906,0.34782608695652173
109,125,27,1.1183030605316162,0.4444444444444444
112,110,137,12.453544616699219,0.29927007299270075
112,111,130,4.793227672576904,0.33076923076923076
112,116,57,1.8133314847946167,0.47368421052631576
112,120,40,0.6578329801559448,0.55
112,113,133,9.508161544799805,0.3082706766917293
112,128,28,2.3821358680725098,0.42857142857142855
112,130,30,3.0654196739196777,0.43333333333333335
110,115,63,2.3294904232025146,0.4444444444444444
110,111,165,8.333476066589355,0.28484848484848485
110,117,30,0.3706299662590027,0.8666666666666667
110,116,48,0.9189060926437378,0.5416666666666666
110,121,28,0.48849743604660034,0.7142857142857143
110,119,34,0.34044942259788513,0.7941176470588235
110,120,34,0.5555649995803833,0.7352941176470589
110,113,99,19.71018409729004,0.35353535353535354
110,122,30,0.651769757270813,0.6
110,118,33,0.36668434739112854,0.8181818181818182
110,123,30,1.37294340133667,0.5
110,125,28,5.923295974731445,0.42857142857142855
110,127,25,0.6000330448150635,0.68
110,126,36,1.1943668127059937,0.4166666666666667
110,124,32,0.7685855627059937,0.5
110,128,35,2.4973998069763184,0.45714285714285713
110,130,39,17.837726593017578,0.4358974358974359
110,129,28,0.4690244495868683,0.6071428571428571
110,131,22,0.25976115465164185,0.8636363636363636
115,111,65,4.855785846710205,0.4307692307692308
115,117,95,7.926499843597412,0.4105263157894737
115,116,92,4.224618434906006,0.4782608695652174
115,119,74,8.347759246826172,0.4189189189189189
115,120,63,0.8818707466125488,0.5238095238095238
115,113,94,14.783472061157227,0.39361702127659576
115,123,50,1.244398832321167,0.48
115,130,29,24.56374168395996,0.2413793103448276
115,131,29,19.562692642211914,0.3103448275862069
111,119,32,0.3631473779678345,0.78125
111,120,30,0.31268155574798584,0.7333333333333333
111,113,119,12.99238395690918,0.3445378151260504
111,127,33,2.1985490322113037,0.3939393939393939
111,130,36,11.135459899902344,0.4166666666666667
117,116,94,3.387155771255493,0.4787234042553192
117,121,72,1.3543329238891602,0.4027777777777778
117,119,108,5.125316143035889,0.4166666666666667
117,120,80,2.2485978603363037,0.4625
117,113,67,2.9023351669311523,0.4925373134328358
117,118,147,2.604517936706543,0.38095238095238093
117,125,46,14.503076553344727,0.2608695652173913
117,133,24,23.969396591186523,0.2916666666666667
116,120,65,0.8950603008270264,0.5230769230769231
116,118,89,6.222489356994629,0.43820224719101125
116,124,39,4.755153656005859,0.3333333333333333
116,132,29,27.093791961669922,0.27586206896551724
121,119,86,5.227306365966797,0.27906976744186046
121,120,119,2.0586397647857666,0.31932773109243695
121,113,47,1.501340389251709,0.3829787234042553
121,122,103,2.16048002243042,0.2815533980582524
121,123,103,2.8551886081695557,0.33980582524271846
121,125,61,9.092765808105469,0.2459016393442623
121,130,36,19.275144577026367,0.25
121,129,41,18.885278701782227,0.2926829268292683
119,120,108,3.253317356109619,0.3055555555555556
119,118,127,4.020229339599609,0.36220472440944884
119,123,69,7.26347541809082,0.3333333333333333
119,127,39,19.609344482421875,0.3076923076923077
119,135,38,23.613487243652344,0.21052631578947367
120,113,44,0.6144365668296814,0.5909090909090909
120,122,98,4.298932075500488,0.30612244897959184
120,118,83,6.893470287322998,0.3855421686746988
120,123,90,5.007533073425293,0.3
120,125,66,10.467615127563477,0.22727272727272727
120,127,44,20.00210952758789,0.20454545454545456
120,126,50,16.947778701782227,0.22
120,124,91,6.362935543060303,0.26373626373626374
120,128,35,21.488428115844727,0.2571428571428571
120,129,40,17.307756423950195,0.35
120,131,39,20.18438148498535,0.3076923076923077
120,134,42,20.91747283935547,0.19047619047619047
120,136,29,24.394628524780273,0.20689655172413793
120,135,35,15.378771781921387,0.2857142857142857
120,155,24,27.23119354248047,0.2916666666666667
113,130,36,21.64067840576172,0.3333333333333333
113,129,33,2.4384615421295166,0.3939393939393939
122,118,67,7.057934284210205,0.31343283582089554
122,123,128,0.7972536087036133,0.6328125
122,126,48,13.337244033813477,0.25
122,124,117,1.6774623394012451,0.3418803418803419
122,130,48,19.889455795288086,0.25
122,140,28,23.625789642333984,0.10714285714285714
122,138,31,24.730716705322266,0.25806451612903225
122,154,24,21.210594177246094,0.2916666666666667
122,160,21,6.913631439208984,0.3333333333333333
118,126,51,18.193227767944336,0.21568627450980393
118,130,33,21.199769973754883,0.24242424242424243
118,134,36,26.881025314331055,0.3055555555555556
123,125,64,6.642808437347412,0.265625
123,127,44,15.839123725891113,0.22727272727272727
123,124,131,1.367501974105835,0.3893129770992366
123,130,44,17.876134872436523,0.2727272727272727
123,131,44,17.91364097595215,0.22727272727272727
123,139,29,21.930931091308594,0.1724137931034483
123,155,34,5.792410850524902,0.35294117647058826
125,127,74,8.974203109741211,0.2972972972972973
125,126,99,5.109854698181152,0.31313131313131315
125,124,86,5.343515396118164,0.2441860465116279
125,130,59,9.996171951293945,0.3220338983050847
125,129,63,10.050429344177246,0.3333333333333333
125,133,53,8.180614471435547,0.3018867924528302
125,141,42,17.12949562072754,0.2857142857142857
125,157,27,0.8696326017379761,0.5185185185185185
127,126,115,2.6293349266052246,0.3565217391304348
127,128,95,1.8895106315612793,0.3894736842105263
127,130,104,1.4289065599441528,0.4519230769230769
127,129,97,1.398478627204895,0.4639175257731959
127,131,113,0.8772706389427185,0.5575221238938053
127,135,89,5.562379360198975,0.34831460674157305
127,140,61,5.2249884605407715,0.3442622950819672
127,143,65,6.425817489624023,0.35384615384615387
127,150,43,6.154375076293945,0.3953488372093023
127,159,48,6.040495872497559,0.3541666666666667
126,124,62,11.508678436279297,0.27419354838709675
126,128,82,3.6926791667938232,0.3780487804878049
126,130,82,3.32391357421875,0.3902439024390244
126,134,92,4.478872299194336,0.32608695652173914
126,140,57,7.553116798400879,0.3157894736842105
126,142,59,8.366384506225586,0.3220338983050847
126,150,45,7.229516983032227,0.4
126,158,37,1.021397590637207,0.4864864864864865
124,128,43,18.295246124267578,0.27906976744186046
124,130,44,17.89381217956543,0.2727272727272727
124,132,46,11.978778839111328,0.2608695652173913
124,140,34,21.38630485534668,0.11764705882352941
124,156,31,7.0271148681640625,0.3225806451612903
128,130,132,0.5073890686035156,0.8181818181818182
128,129,123,0.259764164686203,0.943089430894309
128,132,83,1.1625491380691528,0.4939759036144578
128,136,77,5.075022220611572,0.35064935064935066
128,140,71,5.796644687652588,0.30985915492957744
128,144,57,5.987226486206055,0.40350877192982454
128,150,47,14.052576065063477,0.3617021276595745
128,160,31,6.207980632781982,0.3548387096774194
130,129,132,0.2845732867717743,0.9393939393939394
130,131,121,0.7518724799156189,0.5867768595041323
130,132,97,1.6180599927902222,0.4329896907216495
130,133,89,1.6846450567245483,0.4157303370786517
130,134,94,2.400775671005249,0.3617021276595745
130,137,81,5.427654266357422,0.3950617283950617
130,136,68,4.4425368309021,0.39705882352941174
130,135,73,0.7960197329521179,0.5068493150684932
130,141,64,4.750331878662109,0.359375
130,140,74,5.17812442779541,0.35135135135135137
130,138,81,8.52186107635498,0.35802469135802467
130,139,79,5.1814069747924805,0.2911392405063291
130,143,71,4.189953804016113,0.36619718309859156
130,142,60,2.5992486476898193,0.43333333333333335
130,145,65,6.883600234985352,0.36923076923076925
130,144,63,9.79844856262207,0.3968253968253968
130,150,47,3.8427038192749023,0.425531914893617
130,146,57,6.339669704437256,0.38596491228070173
130,149,49,5.925631999969482,0.40816326530612246
130,152,48,2.4602692127227783,0.375
130,151,53,5.04312801361084,0.4339622641509434
130,155,45,1.0614721775054932,0.4888888888888889
130,154,43,1.358361840248108,0.46511627906976744
130,153,47,1.3884377479553223,0.44680851063829785
130,156,38,1.4775958061218262,0.47368421052631576
129,131,117,0.9156416058540344,0.5811965811965812
129,133,84,0.9573242664337158,0.5
129,137,78,6.673486232757568,0.358974358974359
129,140,74,6.306150913238525,0.32432432432432434
129,145,60,5.137577056884766,0.4166666666666667
129,161,28,1.6835966110229492,0.35714285714285715
131,132,99,1.2614960670471191,0.46464646464646464
131,133,98,1.4327936172485352,0.45918367346938777
131,135,99,2.6320912837982178,0.3838383838383838
131,140,77,8.014030456542969,0.36363636363636365
131,139,87,6.057307243347168,0.3218390804597701
131,150,50,3.7839136123657227,0.48
131,147,59,8.817957878112793,0.4745762711864407
131,163,27,1.7552756071090698,0.4074074074074074
132,133,125,0.2725384831428528,0.96
132,134,123,0.9114081859588623,0.5447154471544715
132,136,87,4.952300548553467,0.3793103448275862
132,140,85,4.985970497131348,0.38823529411764707
132,148,66,13.668001174926758,0.3484848484848485
132,150,67,8.929258346557617,0.3582089552238806
132,160,34,1.0129867792129517,0.5
133,134,110,0.8355741500854492,0.5454545454545454
133,137,79,6.360429286956787,0.379746835443038
133,135,95,2.360464334487915,0.43157894736842106
133,141,70,3.101895332336426,0.4714285714285714
133,140,77,5.523990154266357,0.36363636363636365
133,150,57,3.6027796268463135,0.42105263157894735
133,149,60,3.842371702194214,0.4
133,160,31,4.838046550750732,0.3870967741935484
134,136,97,4.47812557220459,0.30927835051546393
134,135,106,2.000267505645752,0.41509433962264153
134,140,85,5.732748031616211,0.32941176470588235
134,138,83,4.614269256591797,0.3373493975903614
134,142,82,5.494109153747559,0.32926829268292684
134,150,59,7.303977012634277,0.423728813559322
134,160,35,3.201195478439331,0.37142857142857144
137,136,96,1.932234525680542,0.3958333333333333
137,135,93,3.618574619293213,0.40860215053763443
137,141,69,1.2431819438934326,0.4927536231884058
137,140,78,1.1803137063980103,0.47435897435897434
137,138,118,0.28480955958366394,0.9661016949152542
137,139,98,0.9175159335136414,0.5204081632653061
137,145,71,5.246097087860107,0.36619718309859156
137,150,63,6.975477695465088,0.4603174603174603
137,153,53,8.119224548339844,0.41509433962264153
136,135,113,2.107032060623169,0.37168141592920356
136,140,81,1.6643714904785156,0.4691358024691358
136,138,99,1.9670716524124146,0.3838383838383838
136,144,62,1.4575622081756592,0.4838709677419355
136,150,58,4.390716552734375,0.43103448275862066
136,152,63,11.4516019821167,0.3492063492063492
135,140,84,3.3632607460021973,0.44047619047619047
135,139,85,1.8098844289779663,0.4235294117647059
135,143,96,5.755231857299805,0.3958333333333333
135,150,61,7.5335211753845215,0.3770491803278688
135,151,72,7.4416656494140625,0.375
135,160,36,1.6764873266220093,0.4722222222222222
141,140,97,0.2825615108013153,0.9278350515463918
141,139,81,1.2830618619918823,0.49382716049382713
141,143,87,0.5463741421699524,0.5632183908045977
141,142,97,0.4052789509296417,0.8969072164948454
141,145,68,2.7373452186584473,0.38235294117647056
141,150,59,3.769382953643799,0.4576271186440678
141,149,61,1.343005895614624,0.45901639344262296
141,157,33,0.5110845565795898,0.696969696969697
141,160,34,5.9936017990112305,0.4411764705882353
140,138,81,1.5531044006347656,0.4567901234567901
140,139,102,1.1408839225769043,0.47058823529411764
140,143,93,1.0289636850357056,0.4946236559139785
140,142,100,0.7187284231185913,0.69
140,145,66,4.038269996643066,0.36363636363636365
140,144,68,3.6237454414367676,0.38235294117647056
140,148,62,6.804050445556641,0.3870967741935484
140,150,60,3.8128445148468018,0.4666666666666667
140,146,62,3.4696640968322754,0.3548387096774194
140,149,56,3.8914742469787598,0.48214285714285715
140,152,61,9.67588996887207,0.3442622950819672
140,151,62,3.704367160797119,0.46774193548387094
140,147,63,8.324941635131836,0.38095238095238093
140,157,46,1.2455787658691406,0.5
140,155,44,2.125532627105713,0.45454545454545453
140,158,40,1.5007027387619019,0.4
140,154,41,1.7493406534194946,0.4634146341463415
140,153,57,10.1334867477417,0.3157894736842105
140,160,39,3.1482603549957275,0.4358974358974359
140,159,44,1.5096269845962524,0.5
140,156,39,2.0710880756378174,0.46153846153846156
140,161,29,0.36451220512390137,0.6206896551724138
140,163,25,2.1140429973602295,0.48
138,139,112,0.8129652142524719,0.6071428571428571
138,142,79,1.8606716394424438,0.43037974683544306
138,150,61,6.242300987243652,0.39344262295081966
138,146,70,6.788598537445068,0.3142857142857143
138,154,36,1.7249561548233032,0.4722222222222222
138,160,37,2.10172176361084,0.43243243243243246
139,143,82,1.3448867797851562,0.47560975609756095
139,150,57,4.042210102081299,0.45614035087719296
139,147,68,4.769228935241699,0.4411764705882353
139,155,45,2.137819528579712,0.4444444444444444
143,142,99,0.8411200642585754,0.5252525252525253
143,145,83,2.3854260444641113,0.40963855421686746
143,144,86,2.823665142059326,0.4069767441860465
143,150,68,6.108102798461914,0.4264705882352941
143,151,74,6.432503700256348,0.44594594594594594
143,147,76,5.238808631896973,0.4473684210526316
143,160,38,1.4028176069259644,0.5
143,159,46,1.8097198009490967,0.4782608695652174
142,144,62,1.944369912147522,0.45161290322580644
142,150,67,6.139684200286865,0.417910447761194
142,146,65,3.794426202774048,0.4153846153846154
142,158,42,0.9246045351028442,0.5
145,144,122,0.16986915469169617,0.9180327868852459
145,150,92,4.666893005371094,0.32608695652173914
145,146,120,0.5233585834503174,0.85
145,149,78,4.6845784187316895,0.3974358974358974
145,147,99,1.0008480548858643,0.494949494949495
145,153,84,5.057133674621582,0.34523809523809523
145,160,51,3.736542224884033,0.39215686274509803
145,161,32,0.5742789506912231,0.625
144,148,78,2.835070848464966,0.41025641025641024
144,150,93,3.936689853668213,0.3763440860215054
144,146,117,0.5426048040390015,0.8034188034188035
144,152,91,4.028713226318359,0.37362637362637363
144,160,47,1.1548229455947876,0.46808510638297873
148,150,105,0.509207546710968,0.9047619047619048
148,146,88,2.8271236419677734,0.375
148,149,110,0.4122915267944336,0.9727272727272728
148,152,104,0.8936620950698853,0.5480769230769231
148,147,111,1.2774672508239746,0.45045045045045046
148,160,47,5.696247100830078,0.3829787234042553
148,156,55,5.959131717681885,0.2909090909090909
148,164,24,15.71501636505127,0.041666666666666664
150,146,87,3.0880513191223145,0.3793103448275862
150,149,113,0.11857248097658157,0.9646017699115044
150,152,100,0.6051985621452332,0.78
150,151,113,0.11599941551685333,0.9469026548672567
150,147,102,1.6119266748428345,0.4117647058823529
150,157,45,1.1398792266845703,0.4888888888888889
150,155,60,3.325108051300049,0.36666666666666664
150,158,53,3.2518930435180664,0.39622641509433965
150,154,63,1.3441197872161865,0.4603174603174603
150,153,92,1.6978609561920166,0.41304347826086957
150,160,45,6.331353664398193,0.3333333333333333
150,159,51,6.733217239379883,0.3137254901960784
150,156,53,3.693481683731079,0.32075471698113206
150,161,42,1.9494068622589111,0.38095238095238093
150,162,34,5.9321088790893555,0.35294117647058826
150,163,35,5.453341960906982,0.37142857142857144
150,164,29,17.555187225341797,0.0
146,147,107,1.579450249671936,0.4392523364485981
146,154,65,3.1150240898132324,0.4461538461538462
146,160,50,2.5488691329956055,0.4
146,162,36,2.1871132850646973,0.4444444444444444
149,151,114,0.15182694792747498,0.9649122807017544
149,147,109,1.5554834604263306,0.41284403669724773
149,157,49,0.8191561102867126,0.5102040816326531
149,153,93,1.5460915565490723,0.3870967741935484
149,160,48,5.190028190612793,0.3958333333333333
152,151,100,0.5533931255340576,0.79
152,154,72,3.5629591941833496,0.3472222222222222
152,153,110,1.0933492183685303,0.43636363636363634
152,160,53,5.683868408203125,0.37735849056603776
152,156,51,4.410865306854248,0.3333333333333333
151,147,108,1.6199817657470703,0.4074074074074074
151,155,64,3.475714683532715,0.40625
151,153,94,1.6279447078704834,0.3723404255319149
151,160,50,5.962218284606934,0.36
151,159,57,6.72304630279541,0.3684210526315789
147,155,71,1.141381859779358,0.43661971830985913
147,160,55,4.859852313995361,0.41818181818181815
147,163,38,2.079249143600464,0.4473684210526316
157,155,93,0.644007682800293,0.5483870967741935
157,158,94,0.6631613969802856,0.6702127659574468
157,153,51,1.2250851392745972,0.49019607843137253
157,160,70,0.464738667011261,0.5428571428571428
157,159,85,0.4785010516643524,0.6352941176470588
157,156,96,0.3936936855316162,0.8958333333333334
157,161,60,1.361231803894043,0.4666666666666667
155,154,92,0.9150391817092896,0.5217391304347826
155,153,71,3.447375535964966,0.323943661971831
155,160,79,1.7732596397399902,0.45569620253164556
155,159,85,0.9578221440315247,0.5176470588235295
155,156,104,0.45724546909332275,0.5961538461538461
155,163,61,3.830490827560425,0.36065573770491804
158,154,75,1.9350093603134155,0.44
158,160,81,0.6075363755226135,0.5802469135802469
158,159,99,0.35324907302856445,0.7070707070707071
158,156,98,1.183314323425293,0.4387755102040816
158,162,65,2.1688530445098877,0.4461538461538462
154,153,83,2.625718355178833,0.3373493975903614
154,160,67,2.028491973876953,0.40298507462686567
154,156,68,1.2487387657165527,0.4852941176470588
154,162,49,1.899679183959961,0.3673469387755102
153,160,61,4.595150470733643,0.3770491803278688
153,161,42,4.062401294708252,0.35714285714285715
160,159,94,0.42572346329689026,0.6808510638297872
160,156,64,1.0574517250061035,0.5
160,161,69,1.53765070438385,0.42028985507246375
160,162,80,1.371813416481018,0.425
160,163,67,1.2004085779190063,0.4925373134328358
160,164,32,4.211789608001709,0.0625
159,161,80,2.2887537479400635,0.3625
159,163,70,1.6985912322998047,0.4
156,164,28,9.920515060424805,0.03571428571428571
161,162,83,0.5432612895965576,0.7951807228915663
161,163,92,0.6185317039489746,0.7391304347826086
162,163,94,0.09085322171449661,0.9468085106382979
162,164,37,3.5727994441986084,0.3783783783783784
163,164,32,1.2598812580108643,0.5
