share_frame_id,share_image_path,candidate_source_step,verified_source_step,source_timestamp_s,share_resolution,source_resolution,phash_distance,ssim,mapping_status,nominal_source_time_s
frame_0,rt_frames_success/rtx_frames_success_31/57_fmb#episode_5201/frame_0.png,0,0,,256x256,256x256,0,0.9891681812571699,VISUAL_MATCH,0.0
frame_1,rt_frames_success/rtx_frames_success_31/57_fmb#episode_5201/frame_1.png,4,,,,,,,INFERRED_ONLY,0.4
frame_2,rt_frames_success/rtx_frames_success_31/57_fmb#episode_5201/frame_2.png,9,,,,,,,INFERRED_ONLY,0.9
frame_3,rt_frames_success/rtx_frames_success_31/57_fmb#episode_5201/frame_3.png,14,,,,,,,INFERRED_ONLY,1.4
frame_4,rt_frames_success/rtx_frames_success_31/57_fmb#episode_5201/frame_4.png,19,,,,,,,INFERRED_ONLY,1.9
frame_5,rt_frames_success/rtx_frames_success_31/57_fmb#episode_5201/frame_5.png,24,,,,,,,INFERRED_ONLY,2.4
frame_6,rt_frames_success/rtx_frames_success_31/57_fmb#episode_5201/frame_6.png,29,,,,,,,INFERRED_ONLY,2.9
frame_7,rt_frames_success/rtx_frames_success_31/57_fmb#episode_5201/frame_7.png,34,,,,,,,INFERRED_ONLY,3.4
frame_8,rt_frames_success/rtx_frames_success_31/57_fmb#episode_5201/frame_8.png,39,,,,,,,INFERRED_ONLY,3.9
frame_9,rt_frames_success/rtx_frames_success_31/57_fmb#episode_5201/frame_9.png,44,,,,,,,INFERRED_ONLY,4.4
frame_10,rt_frames_success/rtx_frames_success_31/57_fmb#episode_5201/frame_10.png,49,,,,,,,INFERRED_ONLY,4.9
frame_11,rt_frames_success/rtx_frames_success_31/57_fmb#episode_5201/frame_11.png,54,,,,,,,INFERRED_ONLY,5.4
frame_12,rt_frames_success/rtx_frames_success_31/57_fmb#episode_5201/frame_12.png,59,,,,,,,INFERRED_ONLY,5.9
frame_13,rt_frames_success/rtx_frames_success_31/57_fmb#episode_5201/frame_13.png,64,,,,,,,INFERRED_ONLY,6.4
frame_14,rt_frames_success/rtx_frames_success_31/57_fmb#episode_5201/frame_14.png,69,,,,,,,INFERRED_ONLY,6.9
frame_15,rt_frames_success/rtx_frames_success_31/57_fmb#episode_5201/frame_15.png,74,74,,256x256,256x256,0,0.9892051472697783,VISUAL_MATCH,7.4
frame_16,rt_frames_success/rtx_frames_success_31/57_fmb#episode_5201/frame_16.png,78,,,,,,,INFERRED_ONLY,7.8
frame_17,rt_frames_success/rtx_frames_success_31/57_fmb#episode_5201/frame_17.png,83,,,,,,,INFERRED_ONLY,8.3
frame_18,rt_frames_success/rtx_frames_success_31/57_fmb#episode_5201/frame_18.png,88,,,,,,,INFERRED_ONLY,8.8
frame_19,rt_frames_success/rtx_frames_success_31/57_fmb#episode_5201/frame_19.png,93,,,,,,,INFERRED_ONLY,9.3
frame_20,rt_frames_success/rtx_frames_success_31/57_fmb#episode_5201/frame_20.png,98,,,,,,,INFERRED_ONLY,9.8
frame_21,rt_frames_success/rtx_frames_success_31/57_fmb#episode_5201/frame_21.png,103,,,,,,,INFERRED_ONLY,10.3
frame_22,rt_frames_success/rtx_frames_success_31/57_fmb#episode_5201/frame_22.png,108,,,,,,,INFERRED_ONLY,10.8
frame_23,rt_frames_success/rtx_frames_success_31/57_fmb#episode_5201/frame_23.png,113,,,,,,,INFERRED_ONLY,11.3
frame_24,rt_frames_success/rtx_frames_success_31/57_fmb#episode_5201/frame_24.png,118,,,,,,,INFERRED_ONLY,11.8
frame_25,rt_frames_success/rtx_frames_success_31/57_fmb#episode_5201/frame_25.png,123,,,,,,,INFERRED_ONLY,12.3
frame_26,rt_frames_success/rtx_frames_success_31/57_fmb#episode_5201/frame_26.png,128,,,,,,,INFERRED_ONLY,12.8
frame_27,rt_frames_success/rtx_frames_success_31/57_fmb#episode_5201/frame_27.png,133,,,,,,,INFERRED_ONLY,13.3
frame_28,rt_frames_success/rtx_frames_success_31/57_fmb#episode_5201/frame_28.png,138,,,,,,,INFERRED_ONLY,13.8
