scene,run,model,subset,input_frames,registered,points3D,fx,fy,cx,cy,distortion,mean_colmap_reprojection_px,image_size,published_256x256_K
main,colmap_opencv_all,OPENCV,all,96,2,211,514.3268878316463,457.2662765084639,188.85494017079836,108.97367529048033,"[-8.241355267083046, 97.45492084162748, -0.049016556922221344, -0.6717775567997788]",0.1050589335364736,"[256, 256]","[514.3268878316463, 457.2662765084639, 188.85494017079836, 108.97367529048033]"
main,colmap_opencv_even,OPENCV,even,48,2,113,279.3675437323229,409.7612741549843,189.63486459400144,88.88662482183251,"[2.221961535787471, -1.9966409251970891, -0.007107213519067729, -0.6398461621751211]",0.1639829128850069,"[256, 256]","[279.3675437323229, 409.7612741549843, 189.63486459400144, 88.88662482183251]"
main,colmap_opencv_odd,OPENCV,odd,48,4,173,219.72688664624465,241.3792428238515,207.44614442068152,-104.71102075144073,"[-0.4880849222561566, 0.05844729562985714, 0.13272402005303124, -0.06403499838594841]",0.33881446484775374,"[256, 256]","[219.72688664624465, 241.3792428238515, 207.44614442068152, -104.71102075144073]"
main,colmap_pinhole_all,PINHOLE,all,96,9,0,1741.8046447475983,3758.2602114284564,305.3141948439443,-164.5295054247643,[],0.0,"[256, 256]","[1741.8046447475983, 3758.2602114284564, 305.3141948439443, -164.5295054247643]"
main,colmap_pinhole_all_fixedpp,PINHOLE,all,96,9,270,2819.5205563666104,6752.269217856697,128.0,128.0,[],0.36044805858582596,"[256, 256]","[2819.5205563666104, 6752.269217856697, 128.0, 128.0]"
main,colmap_pinhole_all_fixedpp_init0_20,PINHOLE,all,96,5,3,554.1330718908455,29.75113063869061,128.0,128.0,[],4.917457848196966e-07,"[256, 256]","[554.1330718908455, 29.75113063869061, 128.0, 128.0]"
main,colmap_pinhole_all_fixedpp_init49_94,PINHOLE,all,96,0,0,,,,,,,"[256, 256]",
main,colmap_pinhole_even,PINHOLE,even,48,4,127,6.318761574943741,194.49634908325152,94.53751390891394,-10.24513805840575,[],0.4982231365063208,"[256, 256]","[6.318761574943741, 194.49634908325152, 94.53751390891394, -10.24513805840575]"
main,colmap_pinhole_odd,PINHOLE,odd,48,3,6,6.205357793835342,1042.507102086702,99.49712359681513,118.18696093945492,[],0.1482352300263025,"[256, 256]","[6.205357793835342, 1042.507102086702, 99.49712359681513, 118.18696093945492]"
main,colmap_simple_pinhole_all_fixedpp_rectified,SIMPLE_PINHOLE,all,96,0,0,,,,,,,"[256, 192]",
main,colmap_simple_pinhole_all_fixedpp_rectified_init0_20,SIMPLE_PINHOLE,all,96,0,0,,,,,,,"[256, 192]",
main,colmap_simple_pinhole_even_fixedpp_rectified,SIMPLE_PINHOLE,even,48,3,0,1197.4900524203115,1197.4900524203115,128.0,96.0,[],0.0,"[256, 192]","[1197.4900524203115, 1596.653403227082, 128.0, 128.16666666666666]"
main,colmap_simple_pinhole_odd_fixedpp_rectified,SIMPLE_PINHOLE,odd,48,3,0,500.284739399788,500.284739399788,128.0,96.0,[],0.0,"[256, 192]","[500.284739399788, 667.0463191997173, 128.0, 128.16666666666666]"
second,colmap_pinhole_all,PINHOLE,all,121,5,287,175.97474826614126,186.45258463125282,134.7612510617052,-46.1915446623537,[],0.13320756361328195,"[256, 256]","[175.97474826614126, 186.45258463125282, 134.7612510617052, -46.1915446623537]"
second,colmap_pinhole_all_fixedpp_init62_107,PINHOLE,all,121,121,4911,232.82854853200652,293.9188398628785,128.0,128.0,[],0.49030367733190744,"[256, 256]","[232.82854853200652, 293.9188398628785, 128.0, 128.0]"
second,colmap_pinhole_all_init62_107,PINHOLE,all,121,6,85,197.2570331800243,300.5485327044922,72.96139359550868,-122.16085536792733,[],0.3461039581123664,"[256, 256]","[197.2570331800243, 300.5485327044922, 72.96139359550868, -122.16085536792733]"
second,colmap_pinhole_even_fixedpp,PINHOLE,even,61,7,994,1871.081688999635,4117.858707692446,128.0,128.0,[],0.33841793986748275,"[256, 256]","[1871.081688999635, 4117.858707692446, 128.0, 128.0]"
second,colmap_pinhole_even_fixedpp_init62_108,PINHOLE,even,61,6,70,7364.178916134476,16082.34050233083,128.0,128.0,[],0.45122236688001816,"[256, 256]","[7364.178916134476, 16082.34050233083, 128.0, 128.0]"
second,colmap_pinhole_even_fixedpp_init74_104,PINHOLE,even,61,4,292,4032.511398221778,799.066287805899,128.0,128.0,[],0.32445651295394484,"[256, 256]","[4032.511398221778, 799.066287805899, 128.0, 128.0]"
second,colmap_pinhole_odd_fixedpp_init65_111,PINHOLE,odd,60,60,3724,197.50338788151257,252.04661741983352,128.0,128.0,[],0.4052612500336016,"[256, 256]","[197.50338788151257, 252.04661741983352, 128.0, 128.0]"
second,colmap_simple_pinhole_all_fixedpp_rectified,SIMPLE_PINHOLE,all,121,121,3522,233.74874864182905,233.74874864182905,128.0,96.0,[],0.6035528058980365,"[256, 192]","[233.74874864182905, 311.6649981891054, 128.0, 128.16666666666666]"
second,colmap_simple_pinhole_even_fixedpp_rectified,SIMPLE_PINHOLE,even,61,6,638,12081.311496847857,12081.311496847857,128.0,96.0,[],0.28257083051034676,"[256, 192]","[12081.311496847857, 16108.415329130476, 128.0, 128.16666666666666]"
second,colmap_simple_pinhole_odd_fixedpp_rectified,SIMPLE_PINHOLE,odd,60,60,2244,210.480814436911,210.480814436911,128.0,96.0,[],0.4173087105538688,"[256, 192]","[210.480814436911, 280.6410859158813, 128.0, 128.16666666666666]"
