scene,K,pose_depth,n,median_3d_m,p90_3d_m,median_reprojection_px,p90_reprojection_px
main,naive,c2w_z,94,0.07669676438916545,0.1545769375085461,18.994112626168217,60.588799825460136
main,naive,c2w_ray,94,0.07980996617726299,0.15411322109473477,20.764576436521477,63.180544314933734
main,naive,w2c_z,94,0.1432756873001807,0.2791312159130247,22.658172449534547,253.70084604744804
main,naive,w2c_ray,94,0.14156170710470867,0.2802497712833007,23.595504691547777,278.71994251684606
main,previous_fit_diagnostic,c2w_z,94,0.07866643079478453,0.15732621304149208,13.490726379024544,44.213555452250276
main,previous_fit_diagnostic,c2w_ray,94,0.08058920416282297,0.15436965887799936,14.2460285883591,45.943023902023036
main,previous_fit_diagnostic,w2c_z,94,0.13970979864532107,0.2843706360443781,19.688245038499225,184.29756108277593
main,previous_fit_diagnostic,w2c_ray,94,0.14008926842735558,0.28305625410480567,22.047486036224683,187.11261082235174
main,colmap_pinhole_all,c2w_z,94,0.06991939691805002,0.1477580132596278,197.77910018291158,429.5387280199683
main,colmap_pinhole_all,c2w_ray,94,0.06859164806557488,0.14785254748954754,197.03572287615106,431.8764770997947
main,colmap_pinhole_all,w2c_z,94,0.135615141072324,0.27023484394494346,179.62415034274963,1850.6220130582424
main,colmap_pinhole_all,w2c_ray,94,0.13559295009167116,0.26819725483272766,181.05315231916737,1889.8999749810134
main,colmap_pinhole_even,c2w_z,94,0.49684210992853833,1.2203263153005162,39.76246271223763,82.62748570673004
main,colmap_pinhole_even,c2w_ray,94,0.12119179876984795,0.18587352589512854,72.49717226676746,198.3664409410442
main,colmap_pinhole_even,w2c_z,94,0.4805699378801098,1.4266500258070645,42.36614951688475,200.19145253375723
main,colmap_pinhole_even,w2c_ray,94,0.13040048145703637,0.24682880372521707,45.04371579545349,166.37123734996803
main,colmap_pinhole_odd,c2w_z,94,0.4644843056756032,1.2134029120479726,100.15601399404636,488.7801773378126
main,colmap_pinhole_odd,c2w_ray,94,0.11969640505420989,0.20178155302045556,163.76220863321186,501.71442507139716
main,colmap_pinhole_odd,w2c_z,94,0.45786479500361954,1.2967830900004864,128.56619758363465,331.3128221272928
main,colmap_pinhole_odd,w2c_ray,94,0.13099739916923095,0.23409933077659664,147.2626150505895,330.8982509553931
main,colmap_opencv_all,c2w_z,94,0.07135495774532905,0.1502229140533878,62.24712207212757,150.7166955487952
main,colmap_opencv_all,c2w_ray,94,0.0711247092036262,0.15010115316902153,62.217778365154174,158.36269876836462
main,colmap_opencv_all,w2c_z,94,0.1373082934854602,0.27321714823841864,76.39571984438561,52725.21203716745
main,colmap_opencv_all,w2c_ray,94,0.13680053907360007,0.2699606329316561,76.5537010845473,63299.485588697265
main,colmap_opencv_even,c2w_z,94,0.07460035593098499,0.1471042893371192,88.61701248167878,140.32800429013284
main,colmap_opencv_even,c2w_ray,94,0.07266749256207389,0.14748521453359972,88.57186413986729,140.32555158709152
main,colmap_opencv_even,w2c_z,94,0.1364144594690166,0.27236186248999666,101.83302769761225,181.43823969437986
main,colmap_opencv_even,w2c_ray,94,0.13566932814410448,0.2684560003099342,102.90386657575243,197.54043761954458
main,colmap_opencv_odd,c2w_z,94,0.12778710307349028,0.5917641172398134,37.39805518603758,123.67008220687823
main,colmap_opencv_odd,c2w_ray,94,0.12526799387795978,0.2948536194258897,49.638654759591816,275.909741982381
main,colmap_opencv_odd,w2c_z,94,0.15065098235944485,0.5433458160154059,44.240210988562396,3514.054359315311
main,colmap_opencv_odd,w2c_ray,94,0.13927030879260832,0.3059297268078444,43.59775559401549,10218.47854862023
second,naive,c2w_z,72,0.007458268117345434,0.07293529009408627,3.658676107562848,39.395825751841464
second,naive,c2w_ray,72,0.00797230421485898,0.07825510233845125,3.5289080282159246,45.176147932495
second,naive,w2c_z,72,0.07457486325352186,0.20708470957372868,32.34942576095884,93.06299713215341
second,naive,w2c_ray,72,0.07228730735384495,0.20779606437168655,33.079540604541535,96.11951686655951
second,colmap_pinhole_all,c2w_z,72,0.03298314870970956,0.08436143839447945,21.668372962658246,36.35063693314921
second,colmap_pinhole_all,c2w_ray,72,0.02710314053268631,0.058182369615655996,25.792234709557956,41.01580427359095
second,colmap_pinhole_all,w2c_z,72,0.07567118394868994,0.2397941219507245,17.82011803460804,49.6584819617023
second,colmap_pinhole_all,w2c_ray,72,0.06315558694585413,0.18968892400332896,17.78179442386473,53.97755716732287
second,colmap_pinhole_all_fixedpp_init62_107,c2w_z,72,0.005229886788068334,0.07322891374902331,2.0682073168488406,48.59304428692922
second,colmap_pinhole_all_fixedpp_init62_107,c2w_ray,72,0.006134102068426497,0.07636053004569285,2.3524244286043583,50.988409877591664
second,colmap_pinhole_all_fixedpp_init62_107,w2c_z,72,0.07106209318007506,0.19966123127023333,34.48148373372021,120.38680221963108
second,colmap_pinhole_all_fixedpp_init62_107,w2c_ray,72,0.07000927448029061,0.2010158052451617,35.718132492201335,121.96995016883719
second,colmap_pinhole_odd_fixedpp_init65_111,c2w_z,72,0.00514565867817313,0.07416890326390932,1.605049484637175,48.09178552885062
second,colmap_pinhole_odd_fixedpp_init65_111,c2w_ray,72,0.0060656346808770495,0.07790409766558502,1.887498113287914,49.5902172862919
second,colmap_pinhole_odd_fixedpp_init65_111,w2c_z,72,0.07311793678597478,0.20198784781309512,31.83194235805793,103.65714611949963
second,colmap_pinhole_odd_fixedpp_init65_111,w2c_ray,72,0.07099559290409804,0.20214145390453825,33.24686993906477,105.5816018922362
second,colmap_simple_pinhole_all_fixedpp_rectified,c2w_z,72,0.00539448245981212,0.07266109149383239,2.2317799740076456,49.57228839422935
second,colmap_simple_pinhole_all_fixedpp_rectified,c2w_ray,72,0.00601304574946347,0.07665430852314187,2.6334255105566333,53.48871671221815
second,colmap_simple_pinhole_all_fixedpp_rectified,w2c_z,72,0.070811465704646,0.19839348071688248,34.707150798717976,124.69541612892732
second,colmap_simple_pinhole_all_fixedpp_rectified,w2c_ray,72,0.06985313354448952,0.1999798099940591,35.856831730657206,126.2234574400966
second,colmap_simple_pinhole_even_fixedpp_rectified,c2w_z,72,0.010430928360883121,0.09121328304743108,570.4742318371844,3730.847509808159
second,colmap_simple_pinhole_even_fixedpp_rectified,c2w_ray,72,0.010430816716195522,0.09121340293931025,570.5025119069753,3730.9135954450794
second,colmap_simple_pinhole_even_fixedpp_rectified,w2c_z,72,0.06396854843677921,0.18152060149104113,939.716054537505,4626.816964430713
second,colmap_simple_pinhole_even_fixedpp_rectified,w2c_ray,72,0.06396875856167486,0.18152255017819505,939.7307858301014,4626.965824137955
second,colmap_simple_pinhole_odd_fixedpp_rectified,c2w_z,72,0.005147894924073319,0.07525497243335524,1.2754355951907712,47.90861984393777
second,colmap_simple_pinhole_odd_fixedpp_rectified,c2w_ray,72,0.005980714325865376,0.07733272328430521,1.7515210508739836,49.76500693713547
second,colmap_simple_pinhole_odd_fixedpp_rectified,w2c_z,72,0.07200613596056624,0.20033952018581805,32.99270473283761,112.88818943783801
second,colmap_simple_pinhole_odd_fixedpp_rectified,w2c_ray,72,0.07045941272154344,0.20079521267597314,34.09428354102933,114.62455702508038
