frame,keypoints,descriptors,connected_images_ge15,connected_images_ge30
2,123,123,7,5
5,124,124,8,7
4,134,134,7,7
0,124,124,12,7
3,127,127,9,6
1,132,132,6,4
8,119,119,8,8
6,137,137,8,7
11,130,130,9,7
7,138,138,9,7
9,136,136,8,6
10,144,144,19,13
14,128,128,12,7
12,134,134,8,6
13,137,137,11,9
15,136,136,11,8
16,112,112,10,8
17,99,99,10,8
20,102,102,22,9
18,117,117,8,7
19,114,114,9,6
23,78,78,12,10
21,115,115,11,5
22,102,102,10,3
24,83,83,11,10
25,89,89,14,12
26,93,93,13,11
27,87,87,15,14
28,93,93,11,11
29,97,97,13,12
31,90,90,15,14
30,92,92,51,46
33,89,89,17,15
32,90,90,13,12
34,85,85,14,13
35,87,87,14,14
38,77,77,13,12
36,86,86,16,14
39,88,88,16,15
41,83,83,15,15
37,85,85,18,15
40,87,87,50,49
42,84,84,14,13
45,83,83,16,15
44,83,83,14,12
46,80,80,13,12
43,89,89,17,16
48,85,85,14,13
49,72,72,16,14
47,92,92,16,15
51,76,76,14,14
53,89,89,16,15
50,85,85,51,49
52,85,85,14,13
54,93,93,13,13
55,77,77,17,16
56,77,77,15,14
58,80,80,15,14
61,74,74,14,12
59,84,84,16,14
60,92,92,50,49
57,86,86,17,16
62,78,78,14,13
63,84,84,17,15
64,98,98,15,14
66,85,85,14,12
65,92,92,15,15
67,95,95,18,15
68,86,86,16,13
69,80,80,16,13
70,96,96,49,44
71,105,105,16,15
74,98,98,13,9
73,110,110,15,14
72,107,107,16,13
76,103,103,14,9
78,92,92,13,9
77,97,97,13,10
79,101,101,12,9
81,94,94,12,9
82,119,119,12,8
75,87,87,14,11
83,114,114,16,11
84,120,120,11,9
80,96,96,41,19
86,123,123,11,9
85,132,132,12,10
88,149,149,11,9
90,140,140,33,24
87,139,139,12,11
89,158,158,12,10
91,156,156,10,8
93,147,147,11,10
92,159,159,9,8
95,135,135,12,10
94,158,158,10,8
96,150,150,10,8
97,157,157,13,10
98,186,186,10,8
100,193,193,27,19
99,168,168,10,9
101,200,200,12,11
103,199,199,12,10
102,205,205,10,7
104,205,205,12,9
107,229,229,13,11
106,244,244,11,9
108,207,207,10,9
105,237,237,13,10
109,248,248,10,10
110,289,289,23,20
112,264,264,9,8
111,260,260,11,10
114,259,259,11,10
115,281,281,12,10
120,206,206,21,21
123,175,175,8,7
117,240,240,11,11
116,248,248,10,9
113,259,259,11,10
118,233,233,9,8
126,181,181,5,5
121,179,179,9,7
119,219,219,9,8
122,184,184,8,7
124,182,182,8,6
125,181,181,6,6
